{"type":"FeatureCollection","features":[{"type":"Feature","geometry":{"type":"Point","coordinates":[-58.7926927,-28.3842524]},"properties":{"cue":"1800001-00","name":"ESCUELA Nº 793 \"NICASIO OJEDA\"","locality":"MUCHAS ISLAS","department":"BELLA VISTA","zone":"Sin zona","enrollment":{"2023":13,"2024":12,"2025":9,"2026":7},"absChange":-6,"pctChange":-46.2,"trendLabel":"Disminuyó","monthlySalaryCost":2557057.12,"trend":"down","fillColor":"#F4B7B4"}},{"type":"Feature","geometry":{"type":"Point","coordinates":[-58.736834,-28.497145]},"properties":{"cue":"1800014-00","name":"ESCUELA Nº 25 \"DON RAFAEL MONTIEL\"","locality":"CEBOLLAS","department":"BELLA VISTA","zone":"37","enrollment":{"2023":7,"2024":5,"2025":4,"2026":6},"absChange":-1,"pctChange":-14.3,"trendLabel":"Disminuyó","monthlySalaryCost":2277542.82,"trend":"down","fillColor":"#F4B7B4"}},{"type":"Feature","geometry":{"type":"Point","coordinates":[-58.8371566,-28.5635162]},"properties":{"cue":"1800016-00","name":"ESCUELA Nº 23","locality":"PARAJE JUAN DIAZ","department":"BELLA VISTA","zone":"18","enrollment":{"2023":7,"2024":7,"2025":7,"2026":6},"absChange":-1,"pctChange":-14.3,"trendLabel":"Disminuyó","monthlySalaryCost":2087066.5,"trend":"down","fillColor":"#F4B7B4"}},{"type":"Feature","geometry":{"type":"Point","coordinates":[-58.079458,-30.1249692]},"properties":{"cue":"1800019-00","name":"ESCUELA Nº 362","locality":"MARIA CARAPE","department":"CURUZU CUATIA","zone":"Sin zona","enrollment":{"2023":5,"2024":6,"2025":3,"2026":2},"absChange":-3,"pctChange":-60,"trendLabel":"Disminuyó","monthlySalaryCost":2716779.57,"trend":"down","fillColor":"#F4B7B4"}},{"type":"Feature","geometry":{"type":"Point","coordinates":[-58.4367633,-30.1495805]},"properties":{"cue":"1800021-00","name":"ESCUELA Nº 574 \"ELOISA BENITEZ DE CASAFUS\"","locality":"COLONIA PAIRIRI","department":"CURUZU CUATIA","zone":"39","enrollment":{"2023":5,"2024":4,"2025":4,"2026":2},"absChange":-3,"pctChange":-60,"trendLabel":"Disminuyó","monthlySalaryCost":2197000,"trend":"down","fillColor":"#F4B7B4"}},{"type":"Feature","geometry":{"type":"Point","coordinates":[-58.3630703,-29.9531133]},"properties":{"cue":"1800027-00","name":"ESCUELA Nº 230 \"FRAY LUIS BELTRAN\"","locality":"ESPINILLO","department":"CURUZU CUATIA","zone":"40","enrollment":{"2023":10,"2024":9,"2025":6,"2026":6},"absChange":-4,"pctChange":-40,"trendLabel":"Disminuyó","monthlySalaryCost":2246000,"trend":"down","fillColor":"#F4B7B4"}},{"type":"Feature","geometry":{"type":"Point","coordinates":[-58.129351,-29.7940556]},"properties":{"cue":"1800029-00","name":"ESCUELA Nº 833","locality":"ESTANCIA LA CAUTIVA","department":"CURUZU CUATIA","zone":"41","enrollment":{"2023":8,"2024":8,"2025":9,"2026":7},"absChange":-1,"pctChange":-12.5,"trendLabel":"Disminuyó","monthlySalaryCost":1847482.82,"trend":"down","fillColor":"#F4B7B4"}},{"type":"Feature","geometry":{"type":"Point","coordinates":[-58.0441181,-29.8391102]},"properties":{"cue":"1800031-00","name":"ESCUELA Nº 250 \"JOSE FRANCISCO CANDIA\"","locality":"EL CEIBO","department":"CURUZU CUATIA","zone":"41","enrollment":{"2023":7,"2024":5,"2025":6,"2026":5},"absChange":-2,"pctChange":-28.6,"trendLabel":"Disminuyó","monthlySalaryCost":1647829.75,"trend":"down","fillColor":"#F4B7B4"}},{"type":"Feature","geometry":{"type":"Point","coordinates":[-57.7815598,-27.9122049]},"properties":{"cue":"1800038-00","name":"ESCUELA Nº 749 \"GERVASIO BLANCO\"","locality":"COSTA DE SANTA LUCIA","department":"GENERAL PAZ","zone":"42","enrollment":{"2023":3,"2024":4,"2025":3,"2026":2},"absChange":-1,"pctChange":-33.3,"trendLabel":"Disminuyó","monthlySalaryCost":4029664.49,"trend":"down","fillColor":"#F4B7B4"}},{"type":"Feature","geometry":{"type":"Point","coordinates":[-58.4819448,-27.6697643]},"properties":{"cue":"1800059-00","name":"ESCUELA Nº 837 \"JOSE FROILAN PAULINI\"","locality":"RALERAS SUD","department":"SAN LUIS DEL PALMAR","zone":"Sin zona","enrollment":{"2023":10,"2024":8,"2025":3,"2026":3},"absChange":-7,"pctChange":-70,"trendLabel":"Disminuyó","monthlySalaryCost":6336068.57,"trend":"down","fillColor":"#F4B7B4"}},{"type":"Feature","geometry":{"type":"Point","coordinates":[-58.4605865,-27.7766406]},"properties":{"cue":"1800061-00","name":"ESCUELA Nº 120 \"INTENDENTE MANUEL A. D. CASTRESANA\"","locality":"ESTANCIA GARABATA","department":"SAN LUIS DEL PALMAR","zone":"Sin zona","enrollment":{"2023":14,"2024":9,"2025":9,"2026":8},"absChange":-6,"pctChange":-42.9,"trendLabel":"Disminuyó","monthlySalaryCost":4198842.43,"trend":"down","fillColor":"#F4B7B4"}},{"type":"Feature","geometry":{"type":"Point","coordinates":[-58.6783976,-27.4032176]},"properties":{"cue":"1800064-00","name":"ESCUELA Nº 251","locality":"PASO DE LA PATRIA","department":"SAN COSME","zone":"8","enrollment":{"2023":7,"2024":7,"2025":5,"2026":4},"absChange":-3,"pctChange":-42.9,"trendLabel":"Disminuyó","monthlySalaryCost":5410270.67,"trend":"down","fillColor":"#F4B7B4"}},{"type":"Feature","geometry":{"type":"Point","coordinates":[-58.384316,-27.3055669]},"properties":{"cue":"1800065-00","name":"ESCUELA Nº 783","locality":"PUERTO GONZALEZ","department":"SAN COSME","zone":"43","enrollment":{"2023":6,"2024":7,"2025":4,"2026":4},"absChange":-2,"pctChange":-33.3,"trendLabel":"Disminuyó","monthlySalaryCost":3768812.43,"trend":"down","fillColor":"#F4B7B4"}},{"type":"Feature","geometry":{"type":"Point","coordinates":[-58.1681026,-28.9061886]},"properties":{"cue":"1800068-00","name":"ESCUELA Nº 587 \"ELVIRA CEFERINA SANCHEZ DE MACIEL\"","locality":"ITA CORA","department":"MERCEDES","zone":"21","enrollment":{"2023":9,"2024":4,"2025":5,"2026":5},"absChange":-4,"pctChange":-44.4,"trendLabel":"Disminuyó","monthlySalaryCost":2852564.69,"trend":"down","fillColor":"#F4B7B4"}},{"type":"Feature","geometry":{"type":"Point","coordinates":[-58.1964229,-28.9771977]},"properties":{"cue":"1800069-00","name":"ESCUELA Nº 923 \"ANTONIA BARRIOS DE F. ZAMUDIO\"","locality":"PAY UBRE CHICO","department":"MERCEDES","zone":"21","enrollment":{"2023":4,"2024":4,"2025":1,"2026":3},"absChange":-1,"pctChange":-25,"trendLabel":"Disminuyó","monthlySalaryCost":2526788.95,"trend":"down","fillColor":"#F4B7B4"}},{"type":"Feature","geometry":{"type":"Point","coordinates":[-59.2183251,-30.3047978]},"properties":{"cue":"1800081-00","name":"ESCUELA Nº 636 \"PEDRO GOMEZ\"","locality":"PUESTO LAS CUCHILLAS","department":"ESQUINA","zone":"13","enrollment":{"2023":7,"2024":6,"2025":5,"2026":5},"absChange":-2,"pctChange":-28.6,"trendLabel":"Disminuyó","monthlySalaryCost":3643801.2,"trend":"down","fillColor":"#F4B7B4"}},{"type":"Feature","geometry":{"type":"Point","coordinates":[-59.2496363,-30.149455]},"properties":{"cue":"1800082-00","name":"ESCUELA Nº 638 \"25 DE MAYO\"","locality":"SAN ANTONIO","department":"ESQUINA","zone":"Sin zona","enrollment":{"2023":10,"2024":6,"2025":7,"2026":5},"absChange":-5,"pctChange":-50,"trendLabel":"Disminuyó","monthlySalaryCost":2557057.12,"trend":"down","fillColor":"#F4B7B4"}},{"type":"Feature","geometry":{"type":"Point","coordinates":[-59.3665369,-30.2606193]},"properties":{"cue":"1800083-00","name":"ESCUELA Nº 699 \"JUAN EULOGIO BORDON\"","locality":"CORONEL ABRAHAM SCHWEIZER","department":"ESQUINA","zone":"3","enrollment":{"2023":10,"2024":8,"2025":7,"2026":7},"absChange":-3,"pctChange":-30,"trendLabel":"Disminuyó","monthlySalaryCost":2866839.57,"trend":"down","fillColor":"#F4B7B4"}},{"type":"Feature","geometry":{"type":"Point","coordinates":[-59.1667144,-30.2616206]},"properties":{"cue":"1800084-00","name":"ESCUELA Nº 715 \"HEROES DE MALVINAS\"","locality":"EL PUEBLITO","department":"ESQUINA","zone":"13","enrollment":{"2023":7,"2024":6,"2025":4,"2026":3},"absChange":-4,"pctChange":-57.1,"trendLabel":"Disminuyó","monthlySalaryCost":3146839.57,"trend":"down","fillColor":"#F4B7B4"}},{"type":"Feature","geometry":{"type":"Point","coordinates":[-59.35953,-30.309339]},"properties":{"cue":"1800087-00","name":"ESCUELA Nº 912 \"HIPOLITO SATURNINO BRUNENGO\"","locality":"PASO CEJAS","department":"ESQUINA","zone":"3","enrollment":{"2023":12,"2024":5,"2025":3,"2026":3},"absChange":-9,"pctChange":-75,"trendLabel":"Disminuyó","monthlySalaryCost":3803523.65,"trend":"down","fillColor":"#F4B7B4"}},{"type":"Feature","geometry":{"type":"Point","coordinates":[-59.530427,-30.1544073]},"properties":{"cue":"1800108-00","name":"ESCUELA Nº 700 \"BLANCA JUANA ADA ALMIRON\"","locality":"SANTO DOMINGO","department":"ESQUINA","zone":"20","enrollment":{"2023":12,"2024":5,"2025":2,"2026":2},"absChange":-10,"pctChange":-83.3,"trendLabel":"Disminuyó","monthlySalaryCost":2197681.59,"trend":"down","fillColor":"#F4B7B4"}},{"type":"Feature","geometry":{"type":"Point","coordinates":[-58.1225532,-27.6206965]},"properties":{"cue":"1800112-00","name":"ESCUELA Nº 845","locality":"ALBARDONES","department":"SAN LUIS DEL PALMAR","zone":"22","enrollment":{"2023":7,"2024":6,"2025":5,"2026":3},"absChange":-4,"pctChange":-57.1,"trendLabel":"Disminuyó","monthlySalaryCost":4064353.44,"trend":"down","fillColor":"#F4B7B4"}},{"type":"Feature","geometry":{"type":"Point","coordinates":[-58.1584715,-27.693896]},"properties":{"cue":"1800114-00","name":"ESCUELA Nº 162","locality":"TACUARAL 5TA SECCION","department":"SAN LUIS DEL PALMAR","zone":"22","enrollment":{"2023":11,"2024":8,"2025":7,"2026":7},"absChange":-4,"pctChange":-36.4,"trendLabel":"Disminuyó","monthlySalaryCost":4063268.73,"trend":"down","fillColor":"#F4B7B4"}},{"type":"Feature","geometry":{"type":"Point","coordinates":[-57.685636,-27.7718977]},"properties":{"cue":"1800122-00","name":"ESCUELA Nº 61","locality":"CAPILLITA","department":"GENERAL PAZ","zone":"12","enrollment":{"2023":6,"2024":5,"2025":5,"2026":5},"absChange":-1,"pctChange":-16.7,"trendLabel":"Disminuyó","monthlySalaryCost":3283939.96,"trend":"down","fillColor":"#F4B7B4"}},{"type":"Feature","geometry":{"type":"Point","coordinates":[-58.849331,-29.631181]},"properties":{"cue":"1800149-00","name":"ESCUELA Nº 257","locality":"LA DORITA","department":"ESQUINA","zone":"Sin zona","enrollment":{"2023":5,"2024":4,"2025":5,"2026":2},"absChange":-3,"pctChange":-60,"trendLabel":"Disminuyó","monthlySalaryCost":2657719.04,"trend":"down","fillColor":"#F4B7B4"}},{"type":"Feature","geometry":{"type":"Point","coordinates":[-57.8923319,-29.7928826]},"properties":{"cue":"1800155-00","name":"ESCUELA Nº 188","locality":"LA CAÑADA","department":"CURUZU CUATIA","zone":"Sin zona","enrollment":{"2023":10,"2024":9,"2025":6,"2026":7},"absChange":-3,"pctChange":-30,"trendLabel":"Disminuyó","monthlySalaryCost":2287205.27,"trend":"down","fillColor":"#F4B7B4"}},{"type":"Feature","geometry":{"type":"Point","coordinates":[-58.3780438,-29.3511405]},"properties":{"cue":"1800160-00","name":"ESCUELA Nº 40","locality":"PERUGORRIA","department":"CURUZU CUATIA","zone":"Sin zona","enrollment":{"2023":4,"2024":1,"2025":3,"2026":3},"absChange":-1,"pctChange":-25,"trendLabel":"Disminuyó","monthlySalaryCost":2246788.95,"trend":"down","fillColor":"#F4B7B4"}},{"type":"Feature","geometry":{"type":"Point","coordinates":[-58.4325628,-27.3041177]},"properties":{"cue":"1800166-00","name":"ESCUELA Nº 710","locality":"PUERTO ARAZA","department":"SAN COSME","zone":"43","enrollment":{"2023":10,"2024":9,"2025":8,"2026":9},"absChange":-1,"pctChange":-10,"trendLabel":"Disminuyó","monthlySalaryCost":3663921.2,"trend":"down","fillColor":"#F4B7B4"}},{"type":"Feature","geometry":{"type":"Point","coordinates":[-58.6621297,-27.3640988]},"properties":{"cue":"1800169-00","name":"ESCUELA Nº 337 \"PREFECTURA NAVAL ARGENTINA\"","locality":"PASO DE LA PATRIA","department":"SAN COSME","zone":"8","enrollment":{"2023":6,"2024":8,"2025":5,"2026":3},"absChange":-3,"pctChange":-50,"trendLabel":"Disminuyó","monthlySalaryCost":2566719.57,"trend":"down","fillColor":"#F4B7B4"}},{"type":"Feature","geometry":{"type":"Point","coordinates":[-58.3144548,-29.0135386]},"properties":{"cue":"1800175-00","name":"ESCUELA Nº 582","locality":"PASO PUCHETA","department":"MERCEDES","zone":"Sin zona","enrollment":{"2023":12,"2024":9,"2025":9,"2026":9},"absChange":-3,"pctChange":-25,"trendLabel":"Disminuyó","monthlySalaryCost":2517126.5,"trend":"down","fillColor":"#F4B7B4"}},{"type":"Feature","geometry":{"type":"Point","coordinates":[-57.451551,-29.1793461]},"properties":{"cue":"1800179-00","name":"ESCUELA Nº 919","locality":"LA CRUZ","department":"SAN MARTIN","zone":"Sin zona","enrollment":{"2023":12,"2024":12,"2025":11,"2026":7},"absChange":-5,"pctChange":-41.7,"trendLabel":"Disminuyó","monthlySalaryCost":2297508.13,"trend":"down","fillColor":"#F4B7B4"}},{"type":"Feature","geometry":{"type":"Point","coordinates":[-59.081782,-29.982495]},"properties":{"cue":"1800203-00","name":"ESCUELA Nº 626","locality":"MALEZAL","department":"ESQUINA","zone":"Sin zona","enrollment":{"2023":4,"2024":4,"2025":3,"2026":2},"absChange":-2,"pctChange":-50,"trendLabel":"Disminuyó","monthlySalaryCost":2486858.34,"trend":"down","fillColor":"#F4B7B4"}},{"type":"Feature","geometry":{"type":"Point","coordinates":[-58.994019,-29.020534]},"properties":{"cue":"1800230-00","name":"ESCUELA Nº 681 \"DR. MARIANO I. LOZA\"","locality":"ESTANCIA DOS HERMANAS","department":"LAVALLE","zone":"Sin zona","enrollment":{"2023":12,"2024":11,"2025":13,"2026":8},"absChange":-4,"pctChange":-33.3,"trendLabel":"Disminuyó","monthlySalaryCost":3670152.01,"trend":"down","fillColor":"#F4B7B4"}},{"type":"Feature","geometry":{"type":"Point","coordinates":[-58.9067349,-28.9520682]},"properties":{"cue":"1800233-00","name":"ESCUELA Nº 79 \"JOSEFINA ESTHER MENDEZ DE SALAZAR\"","locality":"PALERMO","department":"LAVALLE","zone":"17","enrollment":{"2023":9,"2024":7,"2025":5,"2026":6},"absChange":-3,"pctChange":-33.3,"trendLabel":"Disminuyó","monthlySalaryCost":1967760.37,"trend":"down","fillColor":"#F4B7B4"}},{"type":"Feature","geometry":{"type":"Point","coordinates":[-58.5111359,-28.5068046]},"properties":{"cue":"1800257-00","name":"ESCUELA Nº 330","locality":"VILLA LIBERTAD","department":"SAN ROQUE","zone":"Sin zona","enrollment":{"2023":8,"2024":8,"2025":8,"2026":6},"absChange":-2,"pctChange":-25,"trendLabel":"Disminuyó","monthlySalaryCost":1807552.2,"trend":"down","fillColor":"#F4B7B4"}},{"type":"Feature","geometry":{"type":"Point","coordinates":[-58.7722972,-28.6828712]},"properties":{"cue":"1800264-00","name":"ESCUELA Nº 249 \"PEDRO JOSE ZINI\"","locality":"CAÑADA MALA","department":"SAN ROQUE","zone":"Sin zona","enrollment":{"2023":6,"2024":5,"2025":6,"2026":5},"absChange":-1,"pctChange":-16.7,"trendLabel":"Disminuyó","monthlySalaryCost":2406997.12,"trend":"down","fillColor":"#F4B7B4"}},{"type":"Feature","geometry":{"type":"Point","coordinates":[-56.7364154,-28.9546439]},"properties":{"cue":"1800269-00","name":"ESCUELA Nº 231 \"GRAL. MATIAS DE IRIGOYEN\"","locality":"YACARE","department":"SAN MARTIN","zone":"44","enrollment":{"2023":6,"2024":5,"2025":4,"2026":3},"absChange":-3,"pctChange":-50,"trendLabel":"Disminuyó","monthlySalaryCost":2436779.57,"trend":"down","fillColor":"#F4B7B4"}},{"type":"Feature","geometry":{"type":"Point","coordinates":[-56.8078041,-29.103743]},"properties":{"cue":"1800271-00","name":"ESCUELA Nº 642 \"EJERCITO ARGENTINO\"","locality":"COSTA GUAVIRAVI","department":"SAN MARTIN","zone":"45","enrollment":{"2023":7,"2024":4,"2025":3,"2026":2},"absChange":-5,"pctChange":-71.4,"trendLabel":"Disminuyó","monthlySalaryCost":2806788.95,"trend":"down","fillColor":"#F4B7B4"}},{"type":"Feature","geometry":{"type":"Point","coordinates":[-58.6123689,-29.635524]},"properties":{"cue":"1800279-00","name":"ESCUELA Nº 925 \"GOBERNADOR ELIAS GALVAN\"","locality":"TIERRA COLORADA","department":"CURUZU CUATIA","zone":"Sin zona","enrollment":{"2023":7,"2024":6,"2025":7,"2026":4},"absChange":-3,"pctChange":-42.9,"trendLabel":"Disminuyó","monthlySalaryCost":2087066.5,"trend":"down","fillColor":"#F4B7B4"}},{"type":"Feature","geometry":{"type":"Point","coordinates":[-58.55024,-29.5227757]},"properties":{"cue":"1800281-00","name":"ESCUELA Nº 334\"GENERAL JOSE MATIAS ZAPIOLA\"","locality":"TRES BOCAS DEL YATAY","department":"CURUZU CUATIA","zone":"Sin zona","enrollment":{"2023":7,"2024":6,"2025":2,"2026":1},"absChange":-6,"pctChange":-85.7,"trendLabel":"Disminuyó","monthlySalaryCost":2486858.34,"trend":"down","fillColor":"#F4B7B4"}},{"type":"Feature","geometry":{"type":"Point","coordinates":[-55.82800822,-28.19772225]},"properties":{"cue":"1800333-00","name":"ESCUELA Nº 920\"SOLDADO ARGENTINO\"","locality":"GARABI","department":"SANTO TOME","zone":"23","enrollment":{"2023":7,"2024":8,"2025":4,"2026":5},"absChange":-2,"pctChange":-28.6,"trendLabel":"Disminuyó","monthlySalaryCost":2246788.95,"trend":"down","fillColor":"#F4B7B4"}},{"type":"Feature","geometry":{"type":"Point","coordinates":[-56.7208791,-29.3280701]},"properties":{"cue":"1800336-00","name":"ESCUELA Nº 916 \"JUAN DE SAN MARTIN\"","locality":"ESTINGANA","department":"SAN MARTIN","zone":"24","enrollment":{"2023":7,"2024":7,"2025":5,"2026":5},"absChange":-2,"pctChange":-28.6,"trendLabel":"Disminuyó","monthlySalaryCost":2286719.57,"trend":"down","fillColor":"#F4B7B4"}},{"type":"Feature","geometry":{"type":"Point","coordinates":[-57.7105249,-30.1746826]},"properties":{"cue":"1800374-00","name":"ESCUELA Nº 92 \"GENERAL SAN MARTIN\"","locality":"DOS VIAS","department":"MONTE CASEROS","zone":"46","enrollment":{"2023":9,"2024":6,"2025":7,"2026":2},"absChange":-7,"pctChange":-77.8,"trendLabel":"Disminuyó","monthlySalaryCost":1808037.9,"trend":"down","fillColor":"#F4B7B4"}},{"type":"Feature","geometry":{"type":"Point","coordinates":[-57.7667379,-30.0375588]},"properties":{"cue":"1800377-00","name":"ESCUELA Nº 888 \"SAN JORGE\"","locality":"COLONIA LIBERTAD","department":"MONTE CASEROS","zone":"47","enrollment":{"2023":13,"2024":13,"2025":10,"2026":7},"absChange":-6,"pctChange":-46.2,"trendLabel":"Disminuyó","monthlySalaryCost":2087552.2,"trend":"down","fillColor":"#F4B7B4"}},{"type":"Feature","geometry":{"type":"Point","coordinates":[-57.69538352,-30.32401024]},"properties":{"cue":"1800378-00","name":"ESCUELA Nº 90 \"ITACUMBU\"","locality":"ITACUMBU","department":"MONTE CASEROS","zone":"10","enrollment":{"2023":8,"2024":7,"2025":7,"2026":6},"absChange":-2,"pctChange":-25,"trendLabel":"Disminuyó","monthlySalaryCost":2241784.46,"trend":"down","fillColor":"#F4B7B4"}},{"type":"Feature","geometry":{"type":"Point","coordinates":[-58.2241688,-27.6811091]},"properties":{"cue":"1800395-00","name":"ESCUELA Nº 309","locality":"INDIO MUERTO","department":"SAN LUIS DEL PALMAR","zone":"22","enrollment":{"2023":10,"2024":9,"2025":11,"2026":7},"absChange":-3,"pctChange":-30,"trendLabel":"Disminuyó","monthlySalaryCost":5608914.2,"trend":"down","fillColor":"#F4B7B4"}},{"type":"Feature","geometry":{"type":"Point","coordinates":[-57.6674819,-30.104308]},"properties":{"cue":"1800439-00","name":"ESCUELA Nº 954 \"JOSE DOMINGO AVALOS\"","locality":"CAMPO GENERAL AVALOS","department":"MONTE CASEROS","zone":"46","enrollment":{"2023":14,"2024":8,"2025":7,"2026":7},"absChange":-7,"pctChange":-50,"trendLabel":"Disminuyó","monthlySalaryCost":3738094.46,"trend":"down","fillColor":"#F4B7B4"}},{"type":"Feature","geometry":{"type":"Point","coordinates":[-57.9206403,-30.2717667]},"properties":{"cue":"1800448-00","name":"ESCUELA Nº 359 \"SANTA MARIA DE TIMBOY\"","locality":"TRES BOCAS","department":"MONTE CASEROS","zone":"48","enrollment":{"2023":11,"2024":9,"2025":6,"2026":3},"absChange":-8,"pctChange":-72.7,"trendLabel":"Disminuyó","monthlySalaryCost":3603900.58,"trend":"down","fillColor":"#F4B7B4"}},{"type":"Feature","geometry":{"type":"Point","coordinates":[-58.282917,-28.279512]},"properties":{"cue":"1800465-00","name":"ESCUELA Nº 649 \"ROSARITO SEGOVIA\"","locality":"TABAY","department":"CONCEPCION","zone":"49","enrollment":{"2023":7,"2024":3,"2025":2,"2026":6},"absChange":-1,"pctChange":-14.3,"trendLabel":"Disminuyó","monthlySalaryCost":3044416.29,"trend":"down","fillColor":"#F4B7B4"}},{"type":"Feature","geometry":{"type":"Point","coordinates":[-58.7071989,-27.6208108]},"properties":{"cue":"1800468-00","name":"ESCUELA Nº 887 \"DR.JOSE ALFREDO FERREIRA\"","locality":"RIACHUELO","department":"CAPITAL","zone":"25","enrollment":{"2023":9,"2024":3,"2025":3,"2026":5},"absChange":-4,"pctChange":-44.4,"trendLabel":"Disminuyó","monthlySalaryCost":1727690.97,"trend":"down","fillColor":"#F4B7B4"}},{"type":"Feature","geometry":{"type":"Point","coordinates":[-58.51984889,-29.70997693]},"properties":{"cue":"1800521-00","name":"ESCUELA Nº 767 \"PROVINCIA DE CORRIENTES\"","locality":"LOBORY","department":"CURUZU CUATIA","zone":"Sin zona","enrollment":{"2023":10,"2024":9,"2025":8,"2026":7},"absChange":-3,"pctChange":-30,"trendLabel":"Disminuyó","monthlySalaryCost":1300000,"trend":"down","fillColor":"#F4B7B4"}},{"type":"Feature","geometry":{"type":"Point","coordinates":[-57.6694352,-30.2884801]},"properties":{"cue":"1800527-00","name":"ESCUELA Nº 474","locality":"FORTUNA","department":"MONTE CASEROS","zone":"10","enrollment":{"2023":6,"2024":4,"2025":3,"2026":5},"absChange":-1,"pctChange":-16.7,"trendLabel":"Disminuyó","monthlySalaryCost":2970695.88,"trend":"down","fillColor":"#F4B7B4"}},{"type":"Feature","geometry":{"type":"Point","coordinates":[-57.9573161,-27.6927248]},"properties":{"cue":"1800578-00","name":"ESCUELA Nº 740","locality":"MALOYITAS","department":"GENERAL PAZ","zone":"Sin zona","enrollment":{"2023":6,"2024":5,"2025":3,"2026":1},"absChange":-5,"pctChange":-83.3,"trendLabel":"Disminuyó","monthlySalaryCost":3403731.81,"trend":"down","fillColor":"#F4B7B4"}},{"type":"Feature","geometry":{"type":"Point","coordinates":[-58.1195308,-27.517379]},"properties":{"cue":"1800584-00","name":"ESCUELA Nº 534","locality":"LAGUNA NEGRA","department":"SAN LUIS DEL PALMAR","zone":"26","enrollment":{"2023":11,"2024":9,"2025":10,"2026":7},"absChange":-4,"pctChange":-36.4,"trendLabel":"Disminuyó","monthlySalaryCost":3864089.96,"trend":"down","fillColor":"#F4B7B4"}},{"type":"Feature","geometry":{"type":"Point","coordinates":[-58.032958,-27.577719]},"properties":{"cue":"1800585-00","name":"ESCUELA Nº 122 \"PEDRO CRISTALDO\"","locality":"TRES CRUCES","department":"SAN LUIS DEL PALMAR","zone":"50","enrollment":{"2023":4,"2024":4,"2025":2,"2026":3},"absChange":-1,"pctChange":-25,"trendLabel":"Disminuyó","monthlySalaryCost":2731646.74,"trend":"down","fillColor":"#F4B7B4"}},{"type":"Feature","geometry":{"type":"Point","coordinates":[-58.1830901,-27.4662269]},"properties":{"cue":"1800589-00","name":"ESCUELA Nº 110 \"JOSE MARIA YAÑEZ CALDERON\"","locality":"COSTA GRANDE","department":"SAN LUIS DEL PALMAR","zone":"26","enrollment":{"2023":10,"2024":10,"2025":10,"2026":9},"absChange":-1,"pctChange":-10,"trendLabel":"Disminuyó","monthlySalaryCost":2247274.65,"trend":"down","fillColor":"#F4B7B4"}},{"type":"Feature","geometry":{"type":"Point","coordinates":[-57.4644441,-27.4642577]},"properties":{"cue":"1800593-00","name":"ESCUELA Nº 191\"MALVINAS ARGENTINAS\"","locality":"TATARE","department":"BERON DE ASTRADA","zone":"Sin zona","enrollment":{"2023":5,"2024":7,"2025":4,"2026":3},"absChange":-2,"pctChange":-40,"trendLabel":"Disminuyó","monthlySalaryCost":2117820.35,"trend":"down","fillColor":"#F4B7B4"}},{"type":"Feature","geometry":{"type":"Point","coordinates":[-57.832642,-27.689478]},"properties":{"cue":"1800616-00","name":"ESCUELA Nº 739","locality":"VILLANUEVA","department":"GENERAL PAZ","zone":"12","enrollment":{"2023":4,"2024":3,"2025":3,"2026":2},"absChange":-2,"pctChange":-50,"trendLabel":"Disminuyó","monthlySalaryCost":2286719.57,"trend":"down","fillColor":"#F4B7B4"}},{"type":"Feature","geometry":{"type":"Point","coordinates":[-57.5589444,-27.7103]},"properties":{"cue":"1800619-00","name":"ESCUELA Nº 58","locality":"VILLA SAN RAMON","department":"GENERAL PAZ","zone":"27","enrollment":{"2023":5,"2024":5,"2025":2,"2026":3},"absChange":-2,"pctChange":-40,"trendLabel":"Disminuyó","monthlySalaryCost":3603384.88,"trend":"down","fillColor":"#F4B7B4"}},{"type":"Feature","geometry":{"type":"Point","coordinates":[-55.80054096,-27.988011]},"properties":{"cue":"1800692-00","name":"ESCUELA ALBERGUE Nº 313 \"LAPACHITO\"","locality":"SAN HORACIO","department":"SANTO TOME","zone":"51","enrollment":{"2023":9,"2024":8,"2025":8,"2026":5},"absChange":-4,"pctChange":-44.4,"trendLabel":"Disminuyó","monthlySalaryCost":3212226.27,"trend":"down","fillColor":"#F4B7B4"}},{"type":"Feature","geometry":{"type":"Point","coordinates":[-58.0218803,-27.848394]},"properties":{"cue":"1800694-00","name":"ESCUELA Nº 62","locality":"BUENA VISTA","department":"GENERAL PAZ","zone":"9","enrollment":{"2023":9,"2024":7,"2025":4,"2026":3},"absChange":-6,"pctChange":-66.7,"trendLabel":"Disminuyó","monthlySalaryCost":3623990.59,"trend":"down","fillColor":"#F4B7B4"}},{"type":"Feature","geometry":{"type":"Point","coordinates":[-58.4215927,-27.7916953]},"properties":{"cue":"1800704-00","name":"ESCUELA PRIMARIA COMUN Nº 921","locality":"COSTA DE EMPEDRADO","department":"EMPEDRADO","zone":"4","enrollment":{"2023":4,"2024":3,"2025":3,"2026":2},"absChange":-2,"pctChange":-50,"trendLabel":"Disminuyó","monthlySalaryCost":2406997.1,"trend":"down","fillColor":"#F4B7B4"}},{"type":"Feature","geometry":{"type":"Point","coordinates":[-58.6747526,-28.0296661]},"properties":{"cue":"1800705-00","name":"ESCUELA Nº 704","locality":"REAL CUE","department":"EMPEDRADO","zone":"28","enrollment":{"2023":5,"2024":5,"2025":5,"2026":3},"absChange":-2,"pctChange":-40,"trendLabel":"Disminuyó","monthlySalaryCost":2147448.13,"trend":"down","fillColor":"#F4B7B4"}},{"type":"Feature","geometry":{"type":"Point","coordinates":[-56.05917253,-27.77912203]},"properties":{"cue":"1800757-00","name":"ESCUELA Nº 358 \"SOLDADOS CORRENTINOS\"","locality":"PLAYADITO","department":"ITUZAINGO","zone":"Sin zona","enrollment":{"2023":11,"2024":9,"2025":9,"2026":7},"absChange":-4,"pctChange":-36.4,"trendLabel":"Disminuyó","monthlySalaryCost":2566719.57,"trend":"down","fillColor":"#F4B7B4"}},{"type":"Feature","geometry":{"type":"Point","coordinates":[-56.47600183,-27.74341736]},"properties":{"cue":"1800764-00","name":"ESCUELA Nº 847 \"JULIO ARGENTINO CODERMATZ\"","locality":"LIBERTAD","department":"ITUZAINGO","zone":"Sin zona","enrollment":{"2023":10,"2024":10,"2025":6,"2026":7},"absChange":-3,"pctChange":-30,"trendLabel":"Disminuyó","monthlySalaryCost":3352460.14,"trend":"down","fillColor":"#F4B7B4"}},{"type":"Feature","geometry":{"type":"Point","coordinates":[-58.8657111,-28.1610969]},"properties":{"cue":"1800772-00","name":"ESCUELA Nº 238","locality":"EL CARRIZAL","department":"EMPEDRADO","zone":"52","enrollment":{"2023":3,"2024":3,"2025":1,"2026":1},"absChange":-2,"pctChange":-66.7,"trendLabel":"Disminuyó","monthlySalaryCost":2526788.95,"trend":"down","fillColor":"#F4B7B4"}},{"type":"Feature","geometry":{"type":"Point","coordinates":[-57.9728275,-27.9845209]},"properties":{"cue":"1800782-00","name":"ESCUELA PRIMARIA Nº 613 \"ADA RAMONA TURCONI\"","locality":"PUNTA GRANDE","department":"MBURUCUYA","zone":"29","enrollment":{"2023":12,"2024":12,"2025":11,"2026":9},"absChange":-3,"pctChange":-25,"trendLabel":"Disminuyó","monthlySalaryCost":3443692.43,"trend":"down","fillColor":"#F4B7B4"}},{"type":"Feature","geometry":{"type":"Point","coordinates":[-58.56407003,-27.83831838]},"properties":{"cue":"1800804-00","name":"ESCUELA PRIMARIA Nº 539","locality":"CAÑADA BURGOS","department":"EMPEDRADO","zone":"1","enrollment":{"2023":5,"2024":4,"2025":3,"2026":2},"absChange":-3,"pctChange":-60,"trendLabel":"Disminuyó","monthlySalaryCost":5068915.88,"trend":"down","fillColor":"#F4B7B4"}},{"type":"Feature","geometry":{"type":"Point","coordinates":[-58.99648187,-28.60197326]},"properties":{"cue":"1800814-00","name":"ESCUELA Nº 529","locality":"COLONIA PROGRESO","department":"BELLA VISTA","zone":"Sin zona","enrollment":{"2023":10,"2024":9,"2025":10,"2026":8},"absChange":-2,"pctChange":-20,"trendLabel":"Disminuyó","monthlySalaryCost":1797889.75,"trend":"down","fillColor":"#F4B7B4"}},{"type":"Feature","geometry":{"type":"Point","coordinates":[-58.34926856,-27.86189283]},"properties":{"cue":"1800842-00","name":"ESCUELA Nº 932 \"ANGELA RAMIREZ DE ROMERO\"","locality":"EL POLLO ESTE","department":"EMPEDRADO","zone":"4","enrollment":{"2023":9,"2024":3,"2025":3,"2026":3},"absChange":-6,"pctChange":-66.7,"trendLabel":"Disminuyó","monthlySalaryCost":2907255.89,"trend":"down","fillColor":"#F4B7B4"}},{"type":"Feature","geometry":{"type":"Point","coordinates":[-58.361383,-27.923644]},"properties":{"cue":"1800844-00","name":"ESCUELA Nº 223 \" JOSE CALASANZ RAMIREZ\"","locality":"SAN LORENCITO","department":"EMPEDRADO","zone":"4","enrollment":{"2023":10,"2024":9,"2025":7,"2026":7},"absChange":-3,"pctChange":-30,"trendLabel":"Disminuyó","monthlySalaryCost":2446927.72,"trend":"down","fillColor":"#F4B7B4"}},{"type":"Feature","geometry":{"type":"Point","coordinates":[-56.2910289,-27.5804919]},"properties":{"cue":"1800857-00","name":"ESCUELA PRIMARIA Nº 246 \"ESTANCIA URRUTIA\"","locality":"URRUTIA","department":"ITUZAINGO","zone":"Sin zona","enrollment":{"2023":6,"2024":8,"2025":3,"2026":3},"absChange":-3,"pctChange":-50,"trendLabel":"Disminuyó","monthlySalaryCost":1807552.2,"trend":"down","fillColor":"#F4B7B4"}},{"type":"Feature","geometry":{"type":"Point","coordinates":[-56.09443978,-27.49261491]},"properties":{"cue":"1800858-00","name":"ESCUELA Nº 241 \"PADRE JULIAN ZINI\"","locality":"PARAJE. SAN BORGITA","department":"ITUZAINGO","zone":"Sin zona","enrollment":{"2023":11,"2024":11,"2025":8,"2026":6},"absChange":-5,"pctChange":-45.5,"trendLabel":"Disminuyó","monthlySalaryCost":3873696.04,"trend":"down","fillColor":"#F4B7B4"}},{"type":"Feature","geometry":{"type":"Point","coordinates":[-58.546562,-28.320894]},"properties":{"cue":"1800862-00","name":"ESCUELA Nº 874","locality":"ANGUA","department":"SALADAS","zone":"30","enrollment":{"2023":7,"2024":5,"2025":7,"2026":6},"absChange":-1,"pctChange":-14.3,"trendLabel":"Disminuyó","monthlySalaryCost":3473961.4,"trend":"down","fillColor":"#F4B7B4"}},{"type":"Feature","geometry":{"type":"Point","coordinates":[-58.56495944,-27.78328718]},"properties":{"cue":"1800864-00","name":"ESCUELA Nº 46","locality":"COSTA DE EMPEDRADO","department":"EMPEDRADO","zone":"1","enrollment":{"2023":8,"2024":7,"2025":7,"2026":7},"absChange":-1,"pctChange":-12.5,"trendLabel":"Disminuyó","monthlySalaryCost":3563939.96,"trend":"down","fillColor":"#F4B7B4"}},{"type":"Feature","geometry":{"type":"Point","coordinates":[-58.677746,-27.800783]},"properties":{"cue":"1800865-00","name":"ESCUELA Nº 48","locality":"PASO QUINTANA","department":"EMPEDRADO","zone":"53","enrollment":{"2023":5,"2024":5,"2025":3,"2026":3},"absChange":-2,"pctChange":-40,"trendLabel":"Disminuyó","monthlySalaryCost":3729972.21,"trend":"down","fillColor":"#F4B7B4"}},{"type":"Feature","geometry":{"type":"Point","coordinates":[-57.947444,-30.578232]},"properties":{"cue":"1800875-00","name":"ESCUELA Nº 214 \"JOSE MANUEL ESTRADA\"","locality":"COLONIA SAN GREGORIO","department":"MONTE CASEROS","zone":"14","enrollment":{"2023":6,"2024":3,"2025":3,"2026":4},"absChange":-2,"pctChange":-33.3,"trendLabel":"Disminuyó","monthlySalaryCost":1847482.82,"trend":"down","fillColor":"#F4B7B4"}},{"type":"Feature","geometry":{"type":"Point","coordinates":[-59.10014625,-29.32597725]},"properties":{"cue":"1800890-00","name":"ESCUELA Nº 895 \"PLACIDO MARTINEZ\"","locality":"VILLA LEONOR","department":"GOYA","zone":"31","enrollment":{"2023":3,"2024":4,"2025":4,"2026":2},"absChange":-1,"pctChange":-33.3,"trendLabel":"Disminuyó","monthlySalaryCost":2087066.5,"trend":"down","fillColor":"#F4B7B4"}},{"type":"Feature","geometry":{"type":"Point","coordinates":[-58.020385,-28.302191]},"properties":{"cue":"1800904-00","name":"ESCUELA Nº 209 \"PATRICIO J. GONZALEZ\"","locality":"BATEL","department":"CONCEPCION","zone":"32","enrollment":{"2023":6,"2024":7,"2025":4,"2026":2},"absChange":-4,"pctChange":-66.7,"trendLabel":"Disminuyó","monthlySalaryCost":4369339.27,"trend":"down","fillColor":"#F4B7B4"}},{"type":"Feature","geometry":{"type":"Point","coordinates":[-58.198954,-28.011926]},"properties":{"cue":"1800908-03","name":"J.I.N. Nº  5 \"ROJHAIJHU CUI\" - ESC. Nº 612 \"CAP.SERGIO ROCA\"","locality":"CHACRAS","department":"MBURUCUYA","zone":"Sin zona","enrollment":{"2023":12,"2024":9,"2025":8,"2026":9},"absChange":-3,"pctChange":-25,"trendLabel":"Disminuyó","monthlySalaryCost":1520000,"trend":"down","fillColor":"#F4B7B4"}},{"type":"Feature","geometry":{"type":"Point","coordinates":[-58.250039,-28.144009]},"properties":{"cue":"1800909-00","name":"ESCUELA Nº 173","locality":"PASO AGUIRRE","department":"MBURUCUYA","zone":"Sin zona","enrollment":{"2023":8,"2024":10,"2025":9,"2026":4},"absChange":-4,"pctChange":-50,"trendLabel":"Disminuyó","monthlySalaryCost":2566749.57,"trend":"down","fillColor":"#F4B7B4"}},{"type":"Feature","geometry":{"type":"Point","coordinates":[-57.964213,-28.414457]},"properties":{"cue":"1800910-00","name":"ESCUELA PRIMARIA COMUN Nº 30","locality":"LOMA ALTA","department":"CONCEPCION","zone":"15","enrollment":{"2023":10,"2024":6,"2025":7,"2026":6},"absChange":-4,"pctChange":-40,"trendLabel":"Disminuyó","monthlySalaryCost":3470635.9,"trend":"down","fillColor":"#F4B7B4"}},{"type":"Feature","geometry":{"type":"Point","coordinates":[-57.827893,-28.301816]},"properties":{"cue":"1800912-00","name":"ESCUELA Nº 229","locality":"ARROYO CAABI","department":"CONCEPCION","zone":"33","enrollment":{"2023":5,"2024":6,"2025":4,"2026":3},"absChange":-2,"pctChange":-40,"trendLabel":"Disminuyó","monthlySalaryCost":5143872.01,"trend":"down","fillColor":"#F4B7B4"}},{"type":"Feature","geometry":{"type":"Point","coordinates":[-57.95833684,-28.31633757]},"properties":{"cue":"1800914-00","name":"ESCUELA Nº 831","locality":"PAIRIRI","department":"CONCEPCION","zone":"32","enrollment":{"2023":7,"2024":4,"2025":3,"2026":3},"absChange":-4,"pctChange":-57.1,"trendLabel":"Disminuyó","monthlySalaryCost":3883870.58,"trend":"down","fillColor":"#F4B7B4"}},{"type":"Feature","geometry":{"type":"Point","coordinates":[-57.82616989,-28.23970903]},"properties":{"cue":"1800915-00","name":"ESCUELA Nº 742","locality":"PASO LUCERO","department":"CONCEPCION","zone":"33","enrollment":{"2023":7,"2024":5,"2025":5,"2026":4},"absChange":-3,"pctChange":-42.9,"trendLabel":"Disminuyó","monthlySalaryCost":3833015.44,"trend":"down","fillColor":"#F4B7B4"}},{"type":"Feature","geometry":{"type":"Point","coordinates":[-57.72983467,-29.28697616]},"properties":{"cue":"1800920-00","name":"ESCUELA Nº 301 \"BATALLA DE SAN LORENZO\"","locality":"ITA CAABO","department":"MERCEDES","zone":"Sin zona","enrollment":{"2023":2,"2024":2,"2025":2,"2026":1},"absChange":-1,"pctChange":-50,"trendLabel":"Disminuyó","monthlySalaryCost":2287205.27,"trend":"down","fillColor":"#F4B7B4"}},{"type":"Feature","geometry":{"type":"Point","coordinates":[-57.677715,-29.674325]},"properties":{"cue":"1800923-00","name":"ESCUELA Nº 583 \"JOAQUIN V.GONZALEZ\"","locality":"MERCEDES","department":"MERCEDES","zone":"Sin zona","enrollment":{"2023":13,"2024":7,"2025":3,"2026":3},"absChange":-10,"pctChange":-76.9,"trendLabel":"Disminuyó","monthlySalaryCost":2579954.38,"trend":"down","fillColor":"#F4B7B4"}},{"type":"Feature","geometry":{"type":"Point","coordinates":[-57.533016,-29.877887]},"properties":{"cue":"1800931-00","name":"ESCUELA Nº 798 \"JERONIMO FRANCISCO REZZOAGLI\"","locality":"AYUI","department":"PASO DE LOS LIBRES","zone":"34","enrollment":{"2023":4,"2024":3,"2025":3,"2026":2},"absChange":-2,"pctChange":-50,"trendLabel":"Disminuyó","monthlySalaryCost":1687760.37,"trend":"down","fillColor":"#F4B7B4"}},{"type":"Feature","geometry":{"type":"Point","coordinates":[-57.488595,-29.93607]},"properties":{"cue":"1800935-00","name":"ESCUELA Nº 204","locality":"BONPLAND","department":"PASO DE LOS LIBRES","zone":"34","enrollment":{"2023":13,"2024":12,"2025":10,"2026":9},"absChange":-4,"pctChange":-30.8,"trendLabel":"Disminuyó","monthlySalaryCost":1807552.2,"trend":"down","fillColor":"#F4B7B4"}},{"type":"Feature","geometry":{"type":"Point","coordinates":[-57.4051818,-29.901997]},"properties":{"cue":"1800937-00","name":"ESCUELA Nº 273 \"LA AMADITO\"","locality":"BONPLAND","department":"PASO DE LOS LIBRES","zone":"34","enrollment":{"2023":5,"2024":5,"2025":4,"2026":4},"absChange":-1,"pctChange":-20,"trendLabel":"Disminuyó","monthlySalaryCost":2507494.04,"trend":"down","fillColor":"#F4B7B4"}},{"type":"Feature","geometry":{"type":"Point","coordinates":[-59.3396198,-29.7865287]},"properties":{"cue":"1800942-00","name":"ESCUELA Nº 780","locality":"PASO FANEGAS","department":"GOYA","zone":"Sin zona","enrollment":{"2023":8,"2024":7,"2025":7,"2026":7},"absChange":-1,"pctChange":-12.5,"trendLabel":"Disminuyó","monthlySalaryCost":2812464.04,"trend":"down","fillColor":"#F4B7B4"}},{"type":"Feature","geometry":{"type":"Point","coordinates":[-59.2819425,-29.5985996]},"properties":{"cue":"1800948-00","name":"ESCUELA Nº 934 \"CNEL. CORNELIO REFOJOS\"","locality":"LA MARTA","department":"GOYA","zone":"11","enrollment":{"2023":8,"2024":6,"2025":6,"2026":6},"absChange":-2,"pctChange":-25,"trendLabel":"Disminuyó","monthlySalaryCost":4536807.09,"trend":"down","fillColor":"#F4B7B4"}},{"type":"Feature","geometry":{"type":"Point","coordinates":[-59.1731332,-29.48386]},"properties":{"cue":"1800953-00","name":"ESCUELA Nº 270 \"DR. EDUARDO CONI MOLINA\"","locality":"ESTANCIA DON RAUL","department":"GOYA","zone":"16","enrollment":{"2023":11,"2024":8,"2025":7,"2026":6},"absChange":-5,"pctChange":-45.5,"trendLabel":"Disminuyó","monthlySalaryCost":2566719.57,"trend":"down","fillColor":"#F4B7B4"}},{"type":"Feature","geometry":{"type":"Point","coordinates":[-59.126473,-29.547307]},"properties":{"cue":"1800954-00","name":"ESCUELA Nº 603 \"DR. SATURNINO MUNIAGURRIA\"","locality":"PAGO REDONDO","department":"GOYA","zone":"16","enrollment":{"2023":3,"2024":2,"2025":2,"2026":1},"absChange":-2,"pctChange":-66.7,"trendLabel":"Disminuyó","monthlySalaryCost":0,"trend":"down","fillColor":"#F4B7B4"}},{"type":"Feature","geometry":{"type":"Point","coordinates":[-59.04755102,-29.15503409]},"properties":{"cue":"1800966-00","name":"ESCUELA Nº 513","locality":"PUNTA IFRAN","department":"GOYA","zone":"5","enrollment":{"2023":6,"2024":2,"2025":3,"2026":2},"absChange":-4,"pctChange":-66.7,"trendLabel":"Disminuyó","monthlySalaryCost":3683287.5,"trend":"down","fillColor":"#F4B7B4"}},{"type":"Feature","geometry":{"type":"Point","coordinates":[-59.1361754,-29.1408908]},"properties":{"cue":"1800970-00","name":"ESCUELA Nº 591 \"LOS INMIGRANTES\"","locality":"COLONIA CAROLINA","department":"GOYA","zone":"5","enrollment":{"2023":12,"2024":10,"2025":8,"2026":8},"absChange":-4,"pctChange":-33.3,"trendLabel":"Disminuyó","monthlySalaryCost":2307325.27,"trend":"down","fillColor":"#F4B7B4"}},{"type":"Feature","geometry":{"type":"Point","coordinates":[-59.39053738,-29.39468177]},"properties":{"cue":"1800974-00","name":"ESCUELA Nº 319 \"JUAN WOLFGANG 'MAUSI' SCHELLER\"","locality":"EL CERRITO","department":"GOYA","zone":"2","enrollment":{"2023":12,"2024":11,"2025":9,"2026":9},"absChange":-3,"pctChange":-25,"trendLabel":"Disminuyó","monthlySalaryCost":2321645.7,"trend":"down","fillColor":"#F4B7B4"}},{"type":"Feature","geometry":{"type":"Point","coordinates":[-59.390566,-29.508108]},"properties":{"cue":"1800975-00","name":"ESCUELA Nº 861 \"DR.MIGUEL SUSSINI\"","locality":"SAN GREGORIO","department":"GOYA","zone":"55","enrollment":{"2023":10,"2024":8,"2025":7,"2026":7},"absChange":-3,"pctChange":-30,"trendLabel":"Disminuyó","monthlySalaryCost":4493392.33,"trend":"down","fillColor":"#F4B7B4"}},{"type":"Feature","geometry":{"type":"Point","coordinates":[-57.9160971,-30.4824697]},"properties":{"cue":"1800989-00","name":"ESCUELA Nº 941 \"MARIANO MORENO\"","locality":"SAENZ VALIENTE","department":"MONTE CASEROS","zone":"14","enrollment":{"2023":13,"2024":7,"2025":7,"2026":6},"absChange":-7,"pctChange":-53.8,"trendLabel":"Disminuyó","monthlySalaryCost":1807552.2,"trend":"down","fillColor":"#F4B7B4"}},{"type":"Feature","geometry":{"type":"Point","coordinates":[-57.06993795,-29.36232599]},"properties":{"cue":"1801007-00","name":"ESCUELA Nº 333 \"MATIAS PIPET\"","locality":"TAPEBICUA","department":"PASO DE LOS LIBRES","zone":"56","enrollment":{"2023":7,"2024":7,"2025":5,"2026":4},"absChange":-3,"pctChange":-42.9,"trendLabel":"Disminuyó","monthlySalaryCost":2632886.31,"trend":"down","fillColor":"#F4B7B4"}},{"type":"Feature","geometry":{"type":"Point","coordinates":[-57.88376176,-28.40327979]},"properties":{"cue":"1801025-00","name":"ESCUELA Nº 650 \"AMADA CORRALES VARGAS DE GUTIERREZ\"","locality":"PASO BATALLA","department":"CONCEPCION","zone":"15","enrollment":{"2023":13,"2024":10,"2025":8,"2026":8},"absChange":-5,"pctChange":-38.5,"trendLabel":"Disminuyó","monthlySalaryCost":4897370.85,"trend":"down","fillColor":"#F4B7B4"}},{"type":"Feature","geometry":{"type":"Point","coordinates":[-57.58235,-29.471296]},"properties":{"cue":"1801036-00","name":"ESCUELA Nº 768 \"MARGARITA A. DE IRASTORZA\"","locality":"SANTA JUANA","department":"MERCEDES","zone":"Sin zona","enrollment":{"2023":7,"2024":8,"2025":8,"2026":6},"absChange":-1,"pctChange":-14.3,"trendLabel":"Disminuyó","monthlySalaryCost":3112233.34,"trend":"down","fillColor":"#F4B7B4"}},{"type":"Feature","geometry":{"type":"Point","coordinates":[-59.4125806,-29.6034179]},"properties":{"cue":"1801043-00","name":"ESCUELA PRIMARIA Nº 277","locality":"EL QUEBRACHO","department":"GOYA","zone":"11","enrollment":{"2023":14,"2024":11,"2025":9,"2026":9},"absChange":-5,"pctChange":-35.7,"trendLabel":"Disminuyó","monthlySalaryCost":2686511.4,"trend":"down","fillColor":"#F4B7B4"}},{"type":"Feature","geometry":{"type":"Point","coordinates":[-59.1254399,-29.3963199]},"properties":{"cue":"1801045-00","name":"ESCUELA Nº 292","locality":"GOYA","department":"GOYA","zone":"31","enrollment":{"2023":7,"2024":3,"2025":3,"2026":6},"absChange":-1,"pctChange":-14.3,"trendLabel":"Disminuyó","monthlySalaryCost":2247274.65,"trend":"down","fillColor":"#F4B7B4"}},{"type":"Feature","geometry":{"type":"Point","coordinates":[-58.85756662,-29.29078566]},"properties":{"cue":"1801047-00","name":"ESCUELA Nº 361\"LUIS ANTONIO PICHON\"","locality":"COLONIA CAROLINA","department":"GOYA","zone":"54","enrollment":{"2023":14,"2024":8,"2025":9,"2026":6},"absChange":-8,"pctChange":-57.1,"trendLabel":"Disminuyó","monthlySalaryCost":2047135.89,"trend":"down","fillColor":"#F4B7B4"}},{"type":"Feature","geometry":{"type":"Point","coordinates":[-59.06734378,-30.21296783]},"properties":{"cue":"1801052-00","name":"ESCUELA Nº 937","locality":"ARROYO HORQUETA","department":"SAUCE","zone":"Sin zona","enrollment":{"2023":9,"2024":8,"2025":5,"2026":6},"absChange":-3,"pctChange":-33.3,"trendLabel":"Disminuyó","monthlySalaryCost":2406997.12,"trend":"down","fillColor":"#F4B7B4"}},{"type":"Feature","geometry":{"type":"Point","coordinates":[-58.91233526,-30.12074464]},"properties":{"cue":"1801053-00","name":"ESCUELA Nº 879","locality":"SAUCE","department":"SAUCE","zone":"6","enrollment":{"2023":9,"2024":9,"2025":10,"2026":7},"absChange":-2,"pctChange":-22.2,"trendLabel":"Disminuyó","monthlySalaryCost":2412201.83,"trend":"down","fillColor":"#F4B7B4"}},{"type":"Feature","geometry":{"type":"Point","coordinates":[-58.9609889,-30.1888666]},"properties":{"cue":"1801055-00","name":"ESCUELA Nº 663 \"ARQUIMEDES GONZALEZ\"","locality":"PASO BERMUDEZ","department":"SAUCE","zone":"6","enrollment":{"2023":8,"2024":6,"2025":8,"2026":7},"absChange":-1,"pctChange":-12.5,"trendLabel":"Disminuyó","monthlySalaryCost":4442215.56,"trend":"down","fillColor":"#F4B7B4"}},{"type":"Feature","geometry":{"type":"Point","coordinates":[-58.808998,-29.8480855]},"properties":{"cue":"1801059-00","name":"ESCUELA Nº 655 \"DORA ANTONIA GUERRERO DE SANCHEZ\"","locality":"LOS EUCALIPTOS","department":"SAUCE","zone":"Sin zona","enrollment":{"2023":12,"2024":12,"2025":10,"2026":8},"absChange":-4,"pctChange":-33.3,"trendLabel":"Disminuyó","monthlySalaryCost":5319468.96,"trend":"down","fillColor":"#F4B7B4"}},{"type":"Feature","geometry":{"type":"Point","coordinates":[-56.72012417,-28.89081201]},"properties":{"cue":"1801093-00","name":"ESCUELA Nº 154","locality":"LA CRUZ","department":"SAN MARTIN","zone":"44","enrollment":{"2023":10,"2024":8,"2025":9,"2026":6},"absChange":-4,"pctChange":-40,"trendLabel":"Disminuyó","monthlySalaryCost":2526788.95,"trend":"down","fillColor":"#F4B7B4"}},{"type":"Feature","geometry":{"type":"Point","coordinates":[-56.101504,-27.937598]},"properties":{"cue":"1801098-00","name":"ESCUELA Nº 945","locality":"SOSA CUE","department":"SANTO TOME","zone":"Sin zona","enrollment":{"2023":14,"2024":9,"2025":9,"2026":7},"absChange":-7,"pctChange":-50,"trendLabel":"Disminuyó","monthlySalaryCost":2286719.57,"trend":"down","fillColor":"#F4B7B4"}},{"type":"Feature","geometry":{"type":"Point","coordinates":[-56.702168,-28.159133]},"properties":{"cue":"1801102-00","name":"ESCUELA Nº 198 \"SAN PEDRO DEL IBERA\"","locality":"ESTANCIA SAN PEDRO","department":"SANTO TOME","zone":"Sin zona","enrollment":{"2023":4,"2024":2,"2025":1,"2026":3},"absChange":-1,"pctChange":-25,"trendLabel":"Disminuyó","monthlySalaryCost":2639110.37,"trend":"down","fillColor":"#F4B7B4"}},{"type":"Feature","geometry":{"type":"Point","coordinates":[-56.40033,-28.875062]},"properties":{"cue":"1801106-00","name":"ESCUELA Nº 236 \"CESAR RODOLFO TELECHEA\"","locality":"PIRAYU","department":"GENERAL ALVEAR","zone":"Sin zona","enrollment":{"2023":13,"2024":11,"2025":11,"2026":8},"absChange":-5,"pctChange":-38.5,"trendLabel":"Disminuyó","monthlySalaryCost":2127482.82,"trend":"down","fillColor":"#F4B7B4"}},{"type":"Feature","geometry":{"type":"Point","coordinates":[-56.585951,-29.010159]},"properties":{"cue":"1801107-00","name":"ESCUELA Nº 777 \"SAN ANTONIO DE PADUA\"","locality":"PANCHO CUE","department":"GENERAL ALVEAR","zone":"35","enrollment":{"2023":11,"2024":10,"2025":12,"2026":7},"absChange":-4,"pctChange":-36.4,"trendLabel":"Disminuyó","monthlySalaryCost":4790625.89,"trend":"down","fillColor":"#F4B7B4"}},{"type":"Feature","geometry":{"type":"Point","coordinates":[-58.547265,-27.402915]},"properties":{"cue":"1801118-00","name":"ESCUELA Nº 756 \"OFELIA DE PORTALEA\"","locality":"ENSENADITA","department":"SAN COSME","zone":"8","enrollment":{"2023":14,"2024":null,"2025":12,"2026":6},"absChange":-8,"pctChange":-57.1,"trendLabel":"Disminuyó","monthlySalaryCost":5410075.67,"trend":"down","fillColor":"#F4B7B4"}},{"type":"Feature","geometry":{"type":"Point","coordinates":[-57.222696,-27.519834]},"properties":{"cue":"1801119-00","name":"ESCUELA Nº 824 \"LUIS GONZAGA CHEQUIN\"","locality":"BARRANQUERITAS","department":"SAN MIGUEL","zone":"Sin zona","enrollment":{"2023":7,"2024":6,"2025":5,"2026":4},"absChange":-3,"pctChange":-42.9,"trendLabel":"Disminuyó","monthlySalaryCost":5260422.38,"trend":"down","fillColor":"#F4B7B4"}},{"type":"Feature","geometry":{"type":"Point","coordinates":[-57.203398,-27.678392]},"properties":{"cue":"1801121-00","name":"ESCUELA Nº 673","locality":"LORETO","department":"SAN MIGUEL","zone":"Sin zona","enrollment":{"2023":8,"2024":6,"2025":8,"2026":6},"absChange":-2,"pctChange":-25,"trendLabel":"Disminuyó","monthlySalaryCost":3753930.58,"trend":"down","fillColor":"#F4B7B4"}},{"type":"Feature","geometry":{"type":"Point","coordinates":[-58.3082499,-27.5384514]},"properties":{"cue":"1801126-00","name":"ESCUELA PRIMARIA Nº 504","locality":"RIACHUELITO","department":"SAN LUIS DEL PALMAR","zone":"36","enrollment":{"2023":9,"2024":9,"2025":11,"2026":7},"absChange":-2,"pctChange":-22.2,"trendLabel":"Disminuyó","monthlySalaryCost":2562707.48,"trend":"down","fillColor":"#F4B7B4"}},{"type":"Feature","geometry":{"type":"Point","coordinates":[-58.435099,-27.51187]},"properties":{"cue":"1801131-00","name":"ESCUELA Nº 737 \"DOCTOR ALFREDO LANARI\"","locality":"LAGUNITA","department":"SAN LUIS DEL PALMAR","zone":"36","enrollment":{"2023":7,"2024":2,"2025":7,"2026":6},"absChange":-1,"pctChange":-14.3,"trendLabel":"Disminuyó","monthlySalaryCost":3392876.45,"trend":"down","fillColor":"#F4B7B4"}},{"type":"Feature","geometry":{"type":"Point","coordinates":[-58.454002,-27.466156]},"properties":{"cue":"1801133-00","name":"ESCUELA PRIMARIA Nº 736","locality":"SANTOS LUGARES","department":"SAN LUIS DEL PALMAR","zone":"7","enrollment":{"2023":6,"2024":4,"2025":4,"2026":4},"absChange":-2,"pctChange":-33.3,"trendLabel":"Disminuyó","monthlySalaryCost":3127997.79,"trend":"down","fillColor":"#F4B7B4"}},{"type":"Feature","geometry":{"type":"Point","coordinates":[-59.318545,-30.330247]},"properties":{"cue":"1801146-00","name":"ESCUELA PRIMARIA Nº 171","locality":"PUESTO LAS CUCHILLAS","department":"ESQUINA","zone":"3","enrollment":{"2023":11,"2024":11,"2025":11,"2026":9},"absChange":-2,"pctChange":-18.2,"trendLabel":"Disminuyó","monthlySalaryCost":5655122.73,"trend":"down","fillColor":"#F4B7B4"}},{"type":"Feature","geometry":{"type":"Point","coordinates":[-59.206374,-29.940848]},"properties":{"cue":"1801147-00","name":"ESCUELA Nº 31","locality":"CAMPO LA EMILIA","department":"ESQUINA","zone":"Sin zona","enrollment":{"2023":6,"2024":6,"2025":5,"2026":3},"absChange":-3,"pctChange":-50,"trendLabel":"Disminuyó","monthlySalaryCost":2486858.34,"trend":"down","fillColor":"#F4B7B4"}},{"type":"Feature","geometry":{"type":"Point","coordinates":[-56.3769075,-27.9735389]},"properties":{"cue":"1801160-00","name":"ESCUELA PRIMARIA Nº 903","locality":"GOBERNADOR VIRASORO","department":"SANTO TOME","zone":"Sin zona","enrollment":{"2023":6,"2024":5,"2025":4,"2026":4},"absChange":-2,"pctChange":-33.3,"trendLabel":"Disminuyó","monthlySalaryCost":1911857.5,"trend":"down","fillColor":"#F4B7B4"}},{"type":"Feature","geometry":{"type":"Point","coordinates":[-58.3467405,-27.5401]},"properties":{"cue":"1801195-00","name":"ESCUELA PRIMARIA Nº 117","locality":"RINCON DE LA MERCED","department":"SAN LUIS DEL PALMAR","zone":"36","enrollment":{"2023":3,"2024":2,"2025":2,"2026":2},"absChange":-1,"pctChange":-33.3,"trendLabel":"Disminuyó","monthlySalaryCost":2811978.34,"trend":"down","fillColor":"#F4B7B4"}},{"type":"Feature","geometry":{"type":"Point","coordinates":[-58.3788811,-27.413453]},"properties":{"cue":"1801196-00","name":"ESCUELA Nº 801 \"MANUELA A. BARRIOS DE CAMOZZI\"","locality":"AGUIRRE CUE","department":"SAN LUIS DEL PALMAR","zone":"7","enrollment":{"2023":8,"2024":6,"2025":3,"2026":3},"absChange":-5,"pctChange":-62.5,"trendLabel":"Disminuyó","monthlySalaryCost":3970280.13,"trend":"down","fillColor":"#F4B7B4"}},{"type":"Feature","geometry":{"type":"Point","coordinates":[-57.204742,-29.588171]},"properties":{"cue":"1801309-00","name":"ESCUELA Nº 156 \"LA NUEVA ESPERANZA\"","locality":"BAÑADO YATAY","department":"PASO DE LOS LIBRES","zone":"Sin zona","enrollment":{"2023":5,"2024":5,"2025":4,"2026":3},"absChange":-2,"pctChange":-40,"trendLabel":"Disminuyó","monthlySalaryCost":2207344.04,"trend":"down","fillColor":"#F4B7B4"}},{"type":"Feature","geometry":{"type":"Point","coordinates":[-57.5589712,-27.710376]},"properties":{"cue":"1801316-11","name":"J.I.N. Nº  6 - ESCUELA Nº 58","locality":"VILLA SAN RAMON","department":"GENERAL PAZ","zone":"27","enrollment":{"2023":6,"2024":4,"2025":6,"2026":5},"absChange":-1,"pctChange":-16.7,"trendLabel":"Disminuyó","monthlySalaryCost":1600000,"trend":"down","fillColor":"#F4B7B4"}},{"type":"Feature","geometry":{"type":"Point","coordinates":[-57.525893,-27.6637811]},"properties":{"cue":"1801316-13","name":"J.I.N. Nº 6 -ESCUELAN º 804","locality":"TACUARA CARENDY","department":"GENERAL PAZ","zone":"27","enrollment":{"2023":6,"2024":5,"2025":7,"2026":5},"absChange":-1,"pctChange":-16.7,"trendLabel":"Disminuyó","monthlySalaryCost":1600000,"trend":"down","fillColor":"#F4B7B4"}},{"type":"Feature","geometry":{"type":"Point","coordinates":[-58.8045784,-29.2104289]},"properties":{"cue":"1801320-00","name":"ESCUELA Nº 161 \"DR. JOSE FRANCISCO QUINTANA\"","locality":"PASO LOPEZ","department":"LAVALLE","zone":"Sin zona","enrollment":{"2023":9,"2024":10,"2025":7,"2026":6},"absChange":-3,"pctChange":-33.3,"trendLabel":"Disminuyó","monthlySalaryCost":2710510.63,"trend":"down","fillColor":"#F4B7B4"}},{"type":"Feature","geometry":{"type":"Point","coordinates":[-57.890856,-28.473903]},"properties":{"cue":"1801328-00","name":"ESCUELA Nº 373","locality":"LOS LAPACHOS","department":"CONCEPCION","zone":"15","enrollment":{"2023":6,"2024":4,"2025":5,"2026":4},"absChange":-2,"pctChange":-33.3,"trendLabel":"Disminuyó","monthlySalaryCost":1847482.82,"trend":"down","fillColor":"#F4B7B4"}},{"type":"Feature","geometry":{"type":"Point","coordinates":[-56.2413231,-27.4566495]},"properties":{"cue":"1801364-00","name":"ESCUELA Nº 331\"GUARDA COSTAS LYNCH\"","locality":"PARAJE OMBU CHICO","department":"ITUZAINGO","zone":"Sin zona","enrollment":{"2023":7,"2024":4,"2025":2,"2026":1},"absChange":-6,"pctChange":-85.7,"trendLabel":"Disminuyó","monthlySalaryCost":2327135.89,"trend":"down","fillColor":"#F4B7B4"}},{"type":"Feature","geometry":{"type":"Point","coordinates":[-58.564315,-27.757361]},"properties":{"cue":"1801531-00","name":"ESCUELA Nº 264","locality":"CAMPO GRANDE","department":"EMPEDRADO","zone":"1","enrollment":{"2023":5,"2024":3,"2025":4,"2026":4},"absChange":-1,"pctChange":-20,"trendLabel":"Disminuyó","monthlySalaryCost":2566719.57,"trend":"down","fillColor":"#F4B7B4"}},{"type":"Feature","geometry":{"type":"Point","coordinates":[-56.68838266,-29.05218688]},"properties":{"cue":"1801543-00","name":"ESCUELA Nº 964","locality":"STA. M. DEL AYAYAI","department":"SAN MARTIN","zone":"Sin zona","enrollment":{"2023":8,"2024":5,"2025":4,"2026":4},"absChange":-4,"pctChange":-50,"trendLabel":"Disminuyó","monthlySalaryCost":2286719.57,"trend":"down","fillColor":"#F4B7B4"}},{"type":"Feature","geometry":{"type":"Point","coordinates":[-59.178999,-30.295528]},"properties":{"cue":"1801565-00","name":"ESCUELA Nº 971","locality":"AQUINO","department":"ESQUINA","zone":"13","enrollment":{"2023":6,"2024":7,"2025":5,"2026":5},"absChange":-1,"pctChange":-16.7,"trendLabel":"Disminuyó","monthlySalaryCost":2297508.13,"trend":"down","fillColor":"#F4B7B4"}},{"type":"Feature","geometry":{"type":"Point","coordinates":[-58.1138377,-28.2112745]},"properties":{"cue":"1801596-04","name":"J.I.N. Nº 26 - ESCUELA Nº 548","locality":"LA SELVA","department":"CONCEPCION","zone":"Sin zona","enrollment":{"2023":9,"2024":7,"2025":6,"2026":8},"absChange":-1,"pctChange":-11.1,"trendLabel":"Disminuyó","monthlySalaryCost":1984660.76,"trend":"down","fillColor":"#F4B7B4"}},{"type":"Feature","geometry":{"type":"Point","coordinates":[-58.77201,-27.931028]},"properties":{"cue":"1801602-03","name":"J.I.N. Nº 20 - ESCUELA Nº 750","locality":"OCANTO CUE","department":"EMPEDRADO","zone":"Sin zona","enrollment":{"2023":10,"2024":14,"2025":8,"2026":9},"absChange":-1,"pctChange":-10,"trendLabel":"Disminuyó","monthlySalaryCost":1333514.3,"trend":"down","fillColor":"#F4B7B4"}},{"type":"Feature","geometry":{"type":"Point","coordinates":[-57.045532,-29.331606]},"properties":{"cue":"1801654-00","name":"ESCUELA Nº 976","locality":"TAPEBICUA","department":"PASO DE LOS LIBRES","zone":"56","enrollment":{"2023":5,"2024":2,"2025":1,"2026":2},"absChange":-3,"pctChange":-60,"trendLabel":"Disminuyó","monthlySalaryCost":2526788.95,"trend":"down","fillColor":"#F4B7B4"}},{"type":"Feature","geometry":{"type":"Point","coordinates":[-58.410923,-27.367854]},"properties":{"cue":"1801724-02","name":"J.I.N. Nº 50 - ESCUELA Nº 429","locality":"ENSENADA GRANDE","department":"SAN COSME","zone":"7","enrollment":{"2023":14,"2024":null,"2025":null,"2026":9},"absChange":-5,"pctChange":-35.7,"trendLabel":"Disminuyó","monthlySalaryCost":1506927.98,"trend":"down","fillColor":"#F4B7B4"}},{"type":"Feature","geometry":{"type":"Point","coordinates":[-58.3692943,-27.3659201]},"properties":{"cue":"1801724-03","name":"J.I.N. Nº 50 - ESCUELA Nº 176","locality":"ENSENADA GRANDE","department":"SAN COSME","zone":"7","enrollment":{"2023":11,"2024":10,"2025":7,"2026":7},"absChange":-4,"pctChange":-36.4,"trendLabel":"Disminuyó","monthlySalaryCost":2000000,"trend":"down","fillColor":"#F4B7B4"}},{"type":"Feature","geometry":{"type":"Point","coordinates":[-58.9737938,-28.5068835]},"properties":{"cue":"1801726-02","name":"J.I.N. Nº 55 - ESCUELA Nº 20","locality":"LOMAS NORTE","department":"BELLA VISTA","zone":"59","enrollment":{"2023":14,"2024":14,"2025":5,"2026":7},"absChange":-7,"pctChange":-50,"trendLabel":"Disminuyó","monthlySalaryCost":2300000,"trend":"down","fillColor":"#F4B7B4"}},{"type":"Feature","geometry":{"type":"Point","coordinates":[-59.0009357,-28.4699771]},"properties":{"cue":"1801726-03","name":"J.I.N. Nº 55 - ESCUELA Nº 779","locality":"LOMAS NORTE","department":"BELLA VISTA","zone":"59","enrollment":{"2023":14,"2024":null,"2025":10,"2026":9},"absChange":-5,"pctChange":-35.7,"trendLabel":"Disminuyó","monthlySalaryCost":1600000,"trend":"down","fillColor":"#F4B7B4"}},{"type":"Feature","geometry":{"type":"Point","coordinates":[-59.315735,-29.3255751]},"properties":{"cue":"1801728-01","name":"J.I.N. Nº 56 - ESCUELA Nº 336","locality":"COCALITO","department":"GOYA","zone":"2","enrollment":{"2023":12,"2024":7,"2025":10,"2026":9},"absChange":-3,"pctChange":-25,"trendLabel":"Disminuyó","monthlySalaryCost":1356867.98,"trend":"down","fillColor":"#F4B7B4"}},{"type":"Feature","geometry":{"type":"Point","coordinates":[-59.2578334,-29.2749094]},"properties":{"cue":"1801728-03","name":"J.I.N. Nº 56 - ESCUELA Nº 718","locality":"PARAJE SAN ANTONIO","department":"GOYA","zone":"Sin zona","enrollment":{"2023":10,"2024":8,"2025":9,"2026":8},"absChange":-2,"pctChange":-20,"trendLabel":"Disminuyó","monthlySalaryCost":1450282.68,"trend":"down","fillColor":"#F4B7B4"}},{"type":"Feature","geometry":{"type":"Point","coordinates":[-59.2953659,-29.3550016]},"properties":{"cue":"1801728-05","name":"J.I.N. Nº 56 - ESCUELA Nº 446","locality":"MANANTIALES","department":"GOYA","zone":"2","enrollment":{"2023":11,"2024":7,"2025":7,"2026":8},"absChange":-3,"pctChange":-27.3,"trendLabel":"Disminuyó","monthlySalaryCost":1473636.36,"trend":"down","fillColor":"#F4B7B4"}},{"type":"Feature","geometry":{"type":"Point","coordinates":[-59.3451742,-29.6439603]},"properties":{"cue":"1801731-01","name":"J.I.N. Nº 52 - ESCUELA Nº 948","locality":"PASO SAN JUAN","department":"GOYA","zone":"11","enrollment":{"2023":9,"2024":6,"2025":5,"2026":5},"absChange":-4,"pctChange":-44.4,"trendLabel":"Disminuyó","monthlySalaryCost":1356867.98,"trend":"down","fillColor":"#F4B7B4"}},{"type":"Feature","geometry":{"type":"Point","coordinates":[-57.3117075,-27.7817337]},"properties":{"cue":"1801741-02","name":"J.I.N. Nº 62 - ESCUELA Nº 671","locality":"ARROYO BALMACEDA","department":"SAN MIGUEL","zone":"Sin zona","enrollment":{"2023":13,"2024":9,"2025":9,"2026":8},"absChange":-5,"pctChange":-38.5,"trendLabel":"Disminuyó","monthlySalaryCost":1450282.68,"trend":"down","fillColor":"#F4B7B4"}},{"type":"Feature","geometry":{"type":"Point","coordinates":[-59.4781457,-29.9930578]},"properties":{"cue":"1801745-01","name":"J.I.N. Nº 63 - ESCUELA Nº 622","locality":"CHACRAS NORTE","department":"ESQUINA","zone":"38","enrollment":{"2023":7,"2024":4,"2025":3,"2026":4},"absChange":-3,"pctChange":-42.9,"trendLabel":"Disminuyó","monthlySalaryCost":1403575.33,"trend":"down","fillColor":"#F4B7B4"}},{"type":"Feature","geometry":{"type":"Point","coordinates":[-59.4654771,-29.8981805]},"properties":{"cue":"1801745-04","name":"J.I.N.Nº 63- ESCUELA Nº 625","locality":"TRANQUERA CADENA","department":"ESQUINA","zone":"Sin zona","enrollment":{"2023":9,"2024":5,"2025":5,"2026":7},"absChange":-2,"pctChange":-22.2,"trendLabel":"Disminuyó","monthlySalaryCost":1286806.96,"trend":"down","fillColor":"#F4B7B4"}},{"type":"Feature","geometry":{"type":"Point","coordinates":[-58.9703429,-28.8458313]},"properties":{"cue":"1801748-01","name":"J.I.N. Nº 66 - ESCUELA Nº 457","locality":"GOBERNADOR JUAN E. MARTINEZ","department":"LAVALLE","zone":"17","enrollment":{"2023":12,"2024":13,"2025":11,"2026":8},"absChange":-4,"pctChange":-33.3,"trendLabel":"Disminuyó","monthlySalaryCost":1717111.05,"trend":"down","fillColor":"#F4B7B4"}},{"type":"Feature","geometry":{"type":"Point","coordinates":[-58.9716362,-28.9312845]},"properties":{"cue":"1801748-02","name":"J.I.N. Nº 66 - ESCUELA Nº 774","locality":"GOBERNADOR JUAN E. MARTINEZ","department":"LAVALLE","zone":"17","enrollment":{"2023":9,"2024":8,"2025":10,"2026":8},"absChange":-1,"pctChange":-11.1,"trendLabel":"Disminuyó","monthlySalaryCost":1403574.33,"trend":"down","fillColor":"#F4B7B4"}},{"type":"Feature","geometry":{"type":"Point","coordinates":[-59.0061126,-28.9244824]},"properties":{"cue":"1801748-03","name":"J.I.N. Nº 66 - ESCUELA Nº 825","locality":"GOBERNADOR JUAN E. MARTINEZ","department":"LAVALLE","zone":"17","enrollment":{"2023":13,"2024":13,"2025":13,"2026":9},"absChange":-4,"pctChange":-30.8,"trendLabel":"Disminuyó","monthlySalaryCost":2230424.83,"trend":"down","fillColor":"#F4B7B4"}},{"type":"Feature","geometry":{"type":"Point","coordinates":[-58.8679418,-28.9404112]},"properties":{"cue":"1801748-06","name":"J.I.N. Nº 66 - ESCUELA Nº 844","locality":"GOBERNADOR JUAN E. MARTINEZ","department":"LAVALLE","zone":"Sin zona","enrollment":{"2023":11,"2024":6,"2025":5,"2026":7},"absChange":-4,"pctChange":-36.4,"trendLabel":"Disminuyó","monthlySalaryCost":1613758.4,"trend":"down","fillColor":"#F4B7B4"}},{"type":"Feature","geometry":{"type":"Point","coordinates":[-58.6177961,-28.333403]},"properties":{"cue":"1801750-03","name":"J.I.N. Nº 60 - ESCUELA Nº 532","locality":"ANGUA","department":"SALADAS","zone":"30","enrollment":{"2023":10,"2024":12,"2025":12,"2026":9},"absChange":-1,"pctChange":-10,"trendLabel":"Disminuyó","monthlySalaryCost":1733344.04,"trend":"down","fillColor":"#F4B7B4"}},{"type":"Feature","geometry":{"type":"Point","coordinates":[-58.49956273,-27.77480604]},"properties":{"cue":"1801752-01","name":"J.I.N. Nº 68 - ESCUELA Nº 50","locality":"PELON ARROYO","department":"EMPEDRADO","zone":"1","enrollment":{"2023":10,"2024":9,"2025":9,"2026":7},"absChange":-3,"pctChange":-30,"trendLabel":"Disminuyó","monthlySalaryCost":1496990.03,"trend":"down","fillColor":"#F4B7B4"}},{"type":"Feature","geometry":{"type":"Point","coordinates":[-58.9503316,-30.1200367]},"properties":{"cue":"1801753-01","name":"J.I.N. Nº 64 - ESCUELA Nº 662","locality":"FRANCISCO GOMEZ","department":"SAUCE","zone":"6","enrollment":{"2023":8,"2024":9,"2025":8,"2026":7},"absChange":-1,"pctChange":-12.5,"trendLabel":"Disminuyó","monthlySalaryCost":1450282.68,"trend":"down","fillColor":"#F4B7B4"}},{"type":"Feature","geometry":{"type":"Point","coordinates":[-58.960939,-30.188919]},"properties":{"cue":"1801753-03","name":"J.I.N. Nº 64 - ESCUELA Nº 663","locality":"PASO BERMUDEZ","department":"SAUCE","zone":"6","enrollment":{"2023":4,"2024":3,"2025":1,"2026":1},"absChange":-3,"pctChange":-75,"trendLabel":"Disminuyó","monthlySalaryCost":1670343.7,"trend":"down","fillColor":"#F4B7B4"}},{"type":"Feature","geometry":{"type":"Point","coordinates":[-58.8096841,-30.0560432]},"properties":{"cue":"1801753-04","name":"J.I.N. Nº 64 - ESCUELA Nº 652","locality":"LA ESTRELLA","department":"SAUCE","zone":"Sin zona","enrollment":{"2023":12,"2024":12,"2025":5,"2026":9},"absChange":-3,"pctChange":-25,"trendLabel":"Disminuyó","monthlySalaryCost":1403575.33,"trend":"down","fillColor":"#F4B7B4"}},{"type":"Feature","geometry":{"type":"Point","coordinates":[-59.0605667,-30.1897831]},"properties":{"cue":"1801753-06","name":"J.I.N.Nº 64 - ESCUELA Nº 661","locality":"CAÑADITAS","department":"SAUCE","zone":"6","enrollment":{"2023":5,"2024":7,"2025":10,"2026":4},"absChange":-1,"pctChange":-20,"trendLabel":"Disminuyó","monthlySalaryCost":1415252.16,"trend":"down","fillColor":"#F4B7B4"}},{"type":"Feature","geometry":{"type":"Point","coordinates":[-59.2071698,-29.1096243]},"properties":{"cue":"1801754-03","name":"J.I.N.Nº 59 - ESCUELA Nº 719","locality":"RINCON DE GOMEZ","department":"GOYA","zone":"58","enrollment":{"2023":10,"2024":10,"2025":10,"2026":6},"absChange":-4,"pctChange":-40,"trendLabel":"Disminuyó","monthlySalaryCost":1286806.95,"trend":"down","fillColor":"#F4B7B4"}},{"type":"Feature","geometry":{"type":"Point","coordinates":[-59.166148,-29.095876]},"properties":{"cue":"1801754-04","name":"J.I.N.Nº 59 - ESCUELA Nº 68","locality":"COLONIA PROGRESO","department":"GOYA","zone":"5","enrollment":{"2023":9,"2024":6,"2025":7,"2026":3},"absChange":-6,"pctChange":-66.7,"trendLabel":"Disminuyó","monthlySalaryCost":1873718.54,"trend":"down","fillColor":"#F4B7B4"}},{"type":"Feature","geometry":{"type":"Point","coordinates":[-59.474764,-30.2078089]},"properties":{"cue":"1801755-02","name":"J.I.N. Nº 70 - ESCUELA Nº 255","locality":"LAGUNA ITA","department":"ESQUINA","zone":"20","enrollment":{"2023":9,"2024":8,"2025":6,"2026":3},"absChange":-6,"pctChange":-66.7,"trendLabel":"Disminuyó","monthlySalaryCost":1380221.66,"trend":"down","fillColor":"#F4B7B4"}},{"type":"Feature","geometry":{"type":"Point","coordinates":[-59.3034204,-30.1913966]},"properties":{"cue":"1801755-04","name":"J.I.N. Nº 70 - ESCUELA Nº 527","locality":"RINCON DE SARANDI","department":"ESQUINA","zone":"3","enrollment":{"2023":10,"2024":6,"2025":4,"2026":5},"absChange":-5,"pctChange":-50,"trendLabel":"Disminuyó","monthlySalaryCost":1717051.05,"trend":"down","fillColor":"#F4B7B4"}},{"type":"Feature","geometry":{"type":"Point","coordinates":[-58.3511066,-28.0961769]},"properties":{"cue":"1801777-00","name":"ESCUELA PRIMARIA COMUN Nº 978","locality":"MBURUCUYA","department":"MBURUCUYA","zone":"19","enrollment":{"2023":7,"2024":6,"2025":5,"2026":6},"absChange":-1,"pctChange":-14.3,"trendLabel":"Disminuyó","monthlySalaryCost":2287205.27,"trend":"down","fillColor":"#F4B7B4"}},{"type":"Feature","geometry":{"type":"Point","coordinates":[-57.9130613,-27.8420764]},"properties":{"cue":"1801781-01","name":"J.I.N. Nº 72 - ESCUELA Nº 492","locality":"PALMAR GRANDE (RURAL)","department":"GENERAL PAZ","zone":"9","enrollment":{"2023":10,"2024":13,"2025":11,"2026":9},"absChange":-1,"pctChange":-10,"trendLabel":"Disminuyó","monthlySalaryCost":1613758.4,"trend":"down","fillColor":"#F4B7B4"}},{"type":"Feature","geometry":{"type":"Point","coordinates":[-59.5486788,-30.2634555]},"properties":{"cue":"1801848-00","name":"J.I.N. Nº 73 (SEDE) - ESC. Nº 633","locality":"GUAYQUIRARO","department":"ESQUINA","zone":"20","enrollment":{"2023":10,"2024":5,"2025":4,"2026":6},"absChange":-4,"pctChange":-40,"trendLabel":"Disminuyó","monthlySalaryCost":2050000,"trend":"down","fillColor":"#F4B7B4"}},{"type":"Feature","geometry":{"type":"Point","coordinates":[-59.531954,-30.067491]},"properties":{"cue":"1801848-03","name":"J.I.N. Nº 73 - ESC. Nº 629","locality":"LOS FLOTADORES","department":"ESQUINA","zone":"38","enrollment":{"2023":11,"2024":5,"2025":7,"2026":6},"absChange":-5,"pctChange":-45.5,"trendLabel":"Disminuyó","monthlySalaryCost":1872261.99,"trend":"down","fillColor":"#F4B7B4"}},{"type":"Feature","geometry":{"type":"Point","coordinates":[-58.4583098,-30.1949657]},"properties":{"cue":"1800020-00","name":"ESCUELA Nº 813 \"FRANCISCO PODESTA\"","locality":"BASUALDO","department":"CURUZU CUATIA","zone":"39","enrollment":{"2023":6,"2024":8,"2025":6,"2026":7},"absChange":1,"pctChange":16.7,"trendLabel":"Aumentó","monthlySalaryCost":3847290.83,"trend":"up","fillColor":"#B7E1B0"}},{"type":"Feature","geometry":{"type":"Point","coordinates":[-58.2812899,-29.9357288]},"properties":{"cue":"1800023-00","name":"ESCUELA Nº 570 \"PAGO LARGO\"","locality":"PAGO LARGO","department":"CURUZU CUATIA","zone":"40","enrollment":{"2023":3,"2024":1,"2025":6,"2026":5},"absChange":2,"pctChange":66.7,"trendLabel":"Aumentó","monthlySalaryCost":2047135.89,"trend":"up","fillColor":"#B7E1B0"}},{"type":"Feature","geometry":{"type":"Point","coordinates":[-58.5600964,-29.8016576]},"properties":{"cue":"1800025-00","name":"ESCUELA Nº 316 \"EL CHAÑAR\"","locality":"EL CHAÑAR","department":"CURUZU CUATIA","zone":"Sin zona","enrollment":{"2023":1,"2024":1,"2025":3,"2026":3},"absChange":2,"pctChange":200,"trendLabel":"Aumentó","monthlySalaryCost":2326650.18,"trend":"up","fillColor":"#B7E1B0"}},{"type":"Feature","geometry":{"type":"Point","coordinates":[-58.1205895,-30.3244642]},"properties":{"cue":"1800030-00","name":"ESCUELA Nº 917 \"PEDRO ARZUAGA\"","locality":"RINCON DE TUNAS","department":"CURUZU CUATIA","zone":"Sin zona","enrollment":{"2023":4,"2024":7,"2025":8,"2026":6},"absChange":2,"pctChange":50,"trendLabel":"Aumentó","monthlySalaryCost":2246788.95,"trend":"up","fillColor":"#B7E1B0"}},{"type":"Feature","geometry":{"type":"Point","coordinates":[-57.9669106,-29.6653091]},"properties":{"cue":"1800051-00","name":"ESCUELA Nº 568","locality":"VACA CUA","department":"CURUZU CUATIA","zone":"Sin zona","enrollment":{"2023":3,"2024":2,"2025":4,"2026":4},"absChange":1,"pctChange":33.3,"trendLabel":"Aumentó","monthlySalaryCost":2327135.89,"trend":"up","fillColor":"#B7E1B0"}},{"type":"Feature","geometry":{"type":"Point","coordinates":[-57.4815953,-28.6486636]},"properties":{"cue":"1800072-00","name":"ESCUELA Nº 584 \"GENERAL SAN MARTIN\"","locality":"UGUAY","department":"MERCEDES","zone":"Sin zona","enrollment":{"2023":5,"2024":6,"2025":7,"2026":6},"absChange":1,"pctChange":20,"trendLabel":"Aumentó","monthlySalaryCost":2977291.65,"trend":"up","fillColor":"#B7E1B0"}},{"type":"Feature","geometry":{"type":"Point","coordinates":[-58.3808351,-27.8524617]},"properties":{"cue":"1800116-00","name":"ESCUELA Nº 45","locality":"EL POLLO","department":"SAN LUIS DEL PALMAR","zone":"4","enrollment":{"2023":7,"2024":6,"2025":9,"2026":9},"absChange":2,"pctChange":28.6,"trendLabel":"Aumentó","monthlySalaryCost":2327135.89,"trend":"up","fillColor":"#B7E1B0"}},{"type":"Feature","geometry":{"type":"Point","coordinates":[-57.8161079,-28.7682551]},"properties":{"cue":"1800177-00","name":"ESCUELA Nº 581 \"2 DE ABRIL\"","locality":"CAPI VARI","department":"MERCEDES","zone":"Sin zona","enrollment":{"2023":6,"2024":7,"2025":8,"2026":7},"absChange":1,"pctChange":16.7,"trendLabel":"Aumentó","monthlySalaryCost":2492548.76,"trend":"up","fillColor":"#B7E1B0"}},{"type":"Feature","geometry":{"type":"Point","coordinates":[-58.0381492,-28.8779512]},"properties":{"cue":"1800178-00","name":"ESCUELA Nº 766 \"JOAQUIN ´GRINGO\\` SHERIDAN\"","locality":"YUQUERI","department":"MERCEDES","zone":"Sin zona","enrollment":{"2023":3,"2024":4,"2025":3,"2026":4},"absChange":1,"pctChange":33.3,"trendLabel":"Aumentó","monthlySalaryCost":2406997.12,"trend":"up","fillColor":"#B7E1B0"}},{"type":"Feature","geometry":{"type":"Point","coordinates":[-59.4953376,-30.2583841]},"properties":{"cue":"1800189-00","name":"ESCUELA Nº 169 \"JOSE ALFREDO FERREYRA\"","locality":"TRES MOJONES","department":"ESQUINA","zone":"20","enrollment":{"2023":3,"2024":4,"2025":3,"2026":5},"absChange":2,"pctChange":66.7,"trendLabel":"Aumentó","monthlySalaryCost":2007235.27,"trend":"up","fillColor":"#B7E1B0"}},{"type":"Feature","geometry":{"type":"Point","coordinates":[-58.6177288,-28.5687469]},"properties":{"cue":"1800260-00","name":"ESCUELA Nº 153 \"COMBATE DE SAN LORENZO\"","locality":"LUJAN","department":"SAN ROQUE","zone":"37","enrollment":{"2023":3,"2024":4,"2025":5,"2026":5},"absChange":2,"pctChange":66.7,"trendLabel":"Aumentó","monthlySalaryCost":2566719.57,"trend":"up","fillColor":"#B7E1B0"}},{"type":"Feature","geometry":{"type":"Point","coordinates":[-58.846792,-29.469747]},"properties":{"cue":"1800278-00","name":"ESCUELA Nº 880 \"GUSTAVO ANTONIO GRACIANO\"","locality":"MALEZAL","department":"CURUZU CUATIA","zone":"Sin zona","enrollment":{"2023":2,"2024":1,"2025":1,"2026":3},"absChange":1,"pctChange":50,"trendLabel":"Aumentó","monthlySalaryCost":2286719.57,"trend":"up","fillColor":"#B7E1B0"}},{"type":"Feature","geometry":{"type":"Point","coordinates":[-55.8651073,-28.2657037]},"properties":{"cue":"1800331-00","name":"ESCUELA Nº 885 \"SOFIA LOPEZ DE SACARELLO\"","locality":"RINCON DE LAS MERCEDES","department":"SANTO TOME","zone":"23","enrollment":{"2023":2,"2024":4,"2025":3,"2026":3},"absChange":1,"pctChange":50,"trendLabel":"Aumentó","monthlySalaryCost":2566719.57,"trend":"up","fillColor":"#B7E1B0"}},{"type":"Feature","geometry":{"type":"Point","coordinates":[-58.1897665,-29.6130481]},"properties":{"cue":"1800364-00","name":"ESCUELA Nº 585","locality":"BAIBIENE","department":"CURUZU CUATIA","zone":"Sin zona","enrollment":{"2023":8,"2024":9,"2025":7,"2026":9},"absChange":1,"pctChange":12.5,"trendLabel":"Aumentó","monthlySalaryCost":1877780.98,"trend":"up","fillColor":"#B7E1B0"}},{"type":"Feature","geometry":{"type":"Point","coordinates":[-58.2955531,-27.8315981]},"properties":{"cue":"1800394-00","name":"ESCUELA Nº 121 \"REMEDIOS DE ESCALADA DE SAN MARTIN\"","locality":"RAMONES","department":"SAN LUIS DEL PALMAR","zone":"4","enrollment":{"2023":3,"2024":7,"2025":6,"2026":9},"absChange":6,"pctChange":200,"trendLabel":"Aumentó","monthlySalaryCost":4104069.35,"trend":"up","fillColor":"#B7E1B0"}},{"type":"Feature","geometry":{"type":"Point","coordinates":[-57.7508708,-30.0039318]},"properties":{"cue":"1800438-00","name":"ESCUELA Nº 577 \"PASO DE LOS ANDES\"","locality":"COLONIA LIBERTAD","department":"MONTE CASEROS","zone":"47","enrollment":{"2023":1,"2024":1,"2025":1,"2026":7},"absChange":6,"pctChange":600,"trendLabel":"Aumentó","monthlySalaryCost":1587933.83,"trend":"up","fillColor":"#B7E1B0"}},{"type":"Feature","geometry":{"type":"Point","coordinates":[-57.75538,-30.264901]},"properties":{"cue":"1800447-00","name":"ESCUELA Nº 278 \"MARTIN MIGUEL DE GÜEMES\"","locality":"PASO VALLEJOS","department":"MONTE CASEROS","zone":"10","enrollment":{"2023":4,"2024":null,"2025":2,"2026":5},"absChange":1,"pctChange":25,"trendLabel":"Aumentó","monthlySalaryCost":3368772.27,"trend":"up","fillColor":"#B7E1B0"}},{"type":"Feature","geometry":{"type":"Point","coordinates":[-57.802411,-30.2630093]},"properties":{"cue":"1800453-00","name":"ESCUELA Nº 899","locality":"PASO VALLEJOS","department":"MONTE CASEROS","zone":"Sin zona","enrollment":{"2023":7,"2024":8,"2025":6,"2026":8},"absChange":1,"pctChange":14.3,"trendLabel":"Aumentó","monthlySalaryCost":2167413.43,"trend":"up","fillColor":"#B7E1B0"}},{"type":"Feature","geometry":{"type":"Point","coordinates":[-57.9591944,-27.8249989]},"properties":{"cue":"1800509-00","name":"ESCUELA Nº 878 \"LUIS ZALAZAR\"","locality":"RINCON DE ZALAZAR","department":"GENERAL PAZ","zone":"9","enrollment":{"2023":2,"2024":2,"2025":5,"2026":6},"absChange":4,"pctChange":200,"trendLabel":"Aumentó","monthlySalaryCost":4043601.59,"trend":"up","fillColor":"#B7E1B0"}},{"type":"Feature","geometry":{"type":"Point","coordinates":[-58.252874,-27.811788]},"properties":{"cue":"1800613-00","name":"ESCUELA Nº 221","locality":"RINCON DE VENCES","department":"GENERAL PAZ","zone":"Sin zona","enrollment":{"2023":8,"2024":11,"2025":10,"2026":9},"absChange":1,"pctChange":12.5,"trendLabel":"Aumentó","monthlySalaryCost":3643801.2,"trend":"up","fillColor":"#B7E1B0"}},{"type":"Feature","geometry":{"type":"Point","coordinates":[-55.8585975,-28.0378654]},"properties":{"cue":"1800659-00","name":"ESCUELA Nº 239","locality":"COLONIA UNION","department":"SANTO TOME","zone":"51","enrollment":{"2023":4,"2024":2,"2025":5,"2026":6},"absChange":2,"pctChange":50,"trendLabel":"Aumentó","monthlySalaryCost":2287205.27,"trend":"up","fillColor":"#B7E1B0"}},{"type":"Feature","geometry":{"type":"Point","coordinates":[-58.408147,-28.0522789]},"properties":{"cue":"1800701-00","name":"ESCUELA PRIMARIA Nº 307 \"HILARION URSULO RIQUELME\"","locality":"SAN LORENCITO","department":"SALADAS","zone":"19","enrollment":{"2023":2,"2024":2,"2025":5,"2026":5},"absChange":3,"pctChange":150,"trendLabel":"Aumentó","monthlySalaryCost":2766372.63,"trend":"up","fillColor":"#B7E1B0"}},{"type":"Feature","geometry":{"type":"Point","coordinates":[-58.4696071,-27.8324973]},"properties":{"cue":"1800707-00","name":"ESCUELA Nº 536 \"ANGELICA UGOLINI\"","locality":"EL POLLO","department":"EMPEDRADO","zone":"1","enrollment":{"2023":2,"2024":6,"2025":4,"2026":4},"absChange":2,"pctChange":100,"trendLabel":"Aumentó","monthlySalaryCost":2150058.88,"trend":"up","fillColor":"#B7E1B0"}},{"type":"Feature","geometry":{"type":"Point","coordinates":[-58.709334,-27.668421]},"properties":{"cue":"1800718-00","name":"ESCUELA PRIMARIA Nº 810 \"REGIDOR DON BERNARDO CASAFUS\"","locality":"ARROYO EL SOMBRERO","department":"EMPEDRADO","zone":"25","enrollment":{"2023":4,"2024":5,"2025":4,"2026":7},"absChange":3,"pctChange":75,"trendLabel":"Aumentó","monthlySalaryCost":3896019.67,"trend":"up","fillColor":"#B7E1B0"}},{"type":"Feature","geometry":{"type":"Point","coordinates":[-58.688214,-27.705745]},"properties":{"cue":"1800722-00","name":"ESCUELA Nº 442 \"JERONIMO REZZOAGLI\"","locality":"AHOMA SUR","department":"EMPEDRADO","zone":"25","enrollment":{"2023":4,"2024":5,"2025":7,"2026":5},"absChange":1,"pctChange":25,"trendLabel":"Aumentó","monthlySalaryCost":2532479.38,"trend":"up","fillColor":"#B7E1B0"}},{"type":"Feature","geometry":{"type":"Point","coordinates":[-58.6421224,-27.8474654]},"properties":{"cue":"1800726-00","name":"ESCUELA Nº 705","locality":"SAN JUANCITO","department":"EMPEDRADO","zone":"1","enrollment":{"2023":5,"2024":7,"2025":6,"2026":6},"absChange":1,"pctChange":20,"trendLabel":"Aumentó","monthlySalaryCost":3785920.29,"trend":"up","fillColor":"#B7E1B0"}},{"type":"Feature","geometry":{"type":"Point","coordinates":[-58.03028001,-27.92403]},"properties":{"cue":"1800728-00","name":"ESCUELA Nº 944","locality":"MANANTIALES","department":"MBURUCUYA","zone":"29","enrollment":{"2023":4,"2024":5,"2025":6,"2026":5},"absChange":1,"pctChange":25,"trendLabel":"Aumentó","monthlySalaryCost":2546908.95,"trend":"up","fillColor":"#B7E1B0"}},{"type":"Feature","geometry":{"type":"Point","coordinates":[-56.26418715,-27.79796711]},"properties":{"cue":"1800763-00","name":"ESCUELA Nº 871","locality":"CAA CARAI","department":"ITUZAINGO","zone":"Sin zona","enrollment":{"2023":5,"2024":4,"2025":5,"2026":6},"absChange":1,"pctChange":20,"trendLabel":"Aumentó","monthlySalaryCost":2587295.28,"trend":"up","fillColor":"#B7E1B0"}},{"type":"Feature","geometry":{"type":"Point","coordinates":[-56.197006,-27.690034]},"properties":{"cue":"1800765-00","name":"ESCUELA Nº 728 \"BERNARDINO VALLE\"","locality":"SAN JUAN BAUTISTA","department":"ITUZAINGO","zone":"Sin zona","enrollment":{"2023":4,"2024":3,"2025":3,"2026":5},"absChange":1,"pctChange":25,"trendLabel":"Aumentó","monthlySalaryCost":2007205.28,"trend":"up","fillColor":"#B7E1B0"}},{"type":"Feature","geometry":{"type":"Point","coordinates":[-59.07547354,-29.2335949]},"properties":{"cue":"1800878-00","name":"ESCUELA Nº 35 \"ANGEL SILVA\"","locality":"COLONIA TIMBO","department":"GOYA","zone":"5","enrollment":{"2023":7,"2024":5,"2025":7,"2026":8},"absChange":1,"pctChange":14.3,"trendLabel":"Aumentó","monthlySalaryCost":3244039.35,"trend":"up","fillColor":"#B7E1B0"}},{"type":"Feature","geometry":{"type":"Point","coordinates":[-59.12526839,-29.1764412]},"properties":{"cue":"1800879-00","name":"ESCUELA PRIMARIA Nº 552 \"PETRONA SCHNEIDER DE GANDULFO\"","locality":"LAGUNA PUCU","department":"GOYA","zone":"5","enrollment":{"2023":2,"2024":1,"2025":2,"2026":3},"absChange":1,"pctChange":50,"trendLabel":"Aumentó","monthlySalaryCost":3473870.58,"trend":"up","fillColor":"#B7E1B0"}},{"type":"Feature","geometry":{"type":"Point","coordinates":[-57.36430245,-29.77688494]},"properties":{"cue":"1800888-00","name":"ESCUELA Nº 69 \"ESTANCIA DON CAYETANO\"","locality":"BONPLAND","department":"PASO DE LOS LIBRES","zone":"Sin zona","enrollment":{"2023":2,"2024":2,"2025":2,"2026":3},"absChange":1,"pctChange":50,"trendLabel":"Aumentó","monthlySalaryCost":2287205.27,"trend":"up","fillColor":"#B7E1B0"}},{"type":"Feature","geometry":{"type":"Point","coordinates":[-59.18714067,-29.35966391]},"properties":{"cue":"1800892-00","name":"ESCUELA Nº 306","locality":"EL TRANSITO","department":"GOYA","zone":"31","enrollment":{"2023":4,"2024":6,"2025":9,"2026":6},"absChange":2,"pctChange":50,"trendLabel":"Aumentó","monthlySalaryCost":3904472.85,"trend":"up","fillColor":"#B7E1B0"}},{"type":"Feature","geometry":{"type":"Point","coordinates":[-57.994151,-30.584613]},"properties":{"cue":"1800894-00","name":"ESCUELA Nº 890 \"JOSE DALMOLIN\"","locality":"COLONIA SAN ANDRES","department":"MONTE CASEROS","zone":"14","enrollment":{"2023":4,"2024":5,"2025":10,"2026":9},"absChange":5,"pctChange":125,"trendLabel":"Aumentó","monthlySalaryCost":2047621.59,"trend":"up","fillColor":"#B7E1B0"}},{"type":"Feature","geometry":{"type":"Point","coordinates":[-57.9604241,-30.5346726]},"properties":{"cue":"1800895-00","name":"ESCUELA Nº 951 \"JOSE HERNANDEZ\"","locality":"MOCORETA","department":"MONTE CASEROS","zone":"14","enrollment":{"2023":4,"2024":8,"2025":8,"2026":7},"absChange":3,"pctChange":75,"trendLabel":"Aumentó","monthlySalaryCost":1927344.04,"trend":"up","fillColor":"#B7E1B0"}},{"type":"Feature","geometry":{"type":"Point","coordinates":[-56.94751639,-27.71591449]},"properties":{"cue":"1800900-00","name":"ESCUELA ALBERGUE Nº 364","locality":"PARAJE BUENA VISTA","department":"ITUZAINGO","zone":"Sin zona","enrollment":{"2023":4,"2024":3,"2025":6,"2026":8},"absChange":4,"pctChange":100,"trendLabel":"Aumentó","monthlySalaryCost":2716809.57,"trend":"up","fillColor":"#B7E1B0"}},{"type":"Feature","geometry":{"type":"Point","coordinates":[-59.230767,-29.449876]},"properties":{"cue":"1800943-00","name":"ESCUELA Nº 179","locality":"COLONIA ELENITA","department":"GOYA","zone":"16","enrollment":{"2023":2,"2024":2,"2025":5,"2026":5},"absChange":3,"pctChange":150,"trendLabel":"Aumentó","monthlySalaryCost":2486858.34,"trend":"up","fillColor":"#B7E1B0"}},{"type":"Feature","geometry":{"type":"Point","coordinates":[-59.129022,-29.4421088]},"properties":{"cue":"1800957-00","name":"ESCUELA Nº 897","locality":"COSTA BATEL","department":"GOYA","zone":"16","enrollment":{"2023":2,"2024":3,"2025":3,"2026":3},"absChange":1,"pctChange":50,"trendLabel":"Aumentó","monthlySalaryCost":2766372.63,"trend":"up","fillColor":"#B7E1B0"}},{"type":"Feature","geometry":{"type":"Point","coordinates":[-58.86924779,-29.35441473]},"properties":{"cue":"1800962-00","name":"ESCUELA Nº 544","locality":"ITA CARUBI","department":"GOYA","zone":"54","enrollment":{"2023":3,"2024":5,"2025":5,"2026":5},"absChange":2,"pctChange":66.7,"trendLabel":"Aumentó","monthlySalaryCost":3792182.59,"trend":"up","fillColor":"#B7E1B0"}},{"type":"Feature","geometry":{"type":"Point","coordinates":[-59.293601,-29.705608]},"properties":{"cue":"1800963-00","name":"ESCUELA Nº 340","locality":"PASO LOS ANGELES","department":"GOYA","zone":"11","enrollment":{"2023":5,"2024":8,"2025":9,"2026":6},"absChange":1,"pctChange":20,"trendLabel":"Aumentó","monthlySalaryCost":4528760.21,"trend":"up","fillColor":"#B7E1B0"}},{"type":"Feature","geometry":{"type":"Point","coordinates":[-59.36662529,-29.43469407]},"properties":{"cue":"1800980-00","name":"ESCUELA Nº 174","locality":"GOYA","department":"GOYA","zone":"2","enrollment":{"2023":3,"2024":4,"2025":3,"2026":4},"absChange":1,"pctChange":33.3,"trendLabel":"Aumentó","monthlySalaryCost":2543246.9,"trend":"up","fillColor":"#B7E1B0"}},{"type":"Feature","geometry":{"type":"Point","coordinates":[-57.75576207,-29.06497607]},"properties":{"cue":"1801035-00","name":"ESCUELA Nº 47 \"ESTANCIA SANTA CLARA Y YUQUERI\"","locality":"ESTANCIA SANTA CLARA","department":"MERCEDES","zone":"Sin zona","enrollment":{"2023":4,"2024":8,"2025":10,"2026":5},"absChange":1,"pctChange":25,"trendLabel":"Aumentó","monthlySalaryCost":1847482.82,"trend":"up","fillColor":"#B7E1B0"}},{"type":"Feature","geometry":{"type":"Point","coordinates":[-59.09647952,-29.12100481]},"properties":{"cue":"1801048-00","name":"ESCUELA Nº 507 \"BATALLA DE ÑAEMBE\"","locality":"COLONIA ISABEL VICTORIA","department":"GOYA","zone":"5","enrollment":{"2023":3,"2024":4,"2025":3,"2026":4},"absChange":1,"pctChange":33.3,"trendLabel":"Aumentó","monthlySalaryCost":2287205.27,"trend":"up","fillColor":"#B7E1B0"}},{"type":"Feature","geometry":{"type":"Point","coordinates":[-57.93035593,-27.3413725]},"properties":{"cue":"1801069-00","name":"ESCUELA Nº 949 \"DIR. MANUEL DE JESUS GODOY\"","locality":"SCORZA CUE","department":"ITATI","zone":"Sin zona","enrollment":{"2023":4,"2024":5,"2025":3,"2026":8},"absChange":4,"pctChange":100,"trendLabel":"Aumentó","monthlySalaryCost":3786089.16,"trend":"up","fillColor":"#B7E1B0"}},{"type":"Feature","geometry":{"type":"Point","coordinates":[-57.762172,-27.3838958]},"properties":{"cue":"1801070-00","name":"ESCUELA Nº 818 \"CONGRESO DE TUCUMAN\"","locality":"TUYUTY","department":"ITATI","zone":"Sin zona","enrollment":{"2023":7,"2024":7,"2025":7,"2026":9},"absChange":2,"pctChange":28.6,"trendLabel":"Aumentó","monthlySalaryCost":2127482.82,"trend":"up","fillColor":"#B7E1B0"}},{"type":"Feature","geometry":{"type":"Point","coordinates":[-58.535738,-29.988212]},"properties":{"cue":"1801075-00","name":"ESCUELA Nº 806","locality":"ARROYO HORQUETA","department":"SAUCE","zone":"57","enrollment":{"2023":6,"2024":3,"2025":5,"2026":7},"absChange":1,"pctChange":16.7,"trendLabel":"Aumentó","monthlySalaryCost":2636858.34,"trend":"up","fillColor":"#B7E1B0"}},{"type":"Feature","geometry":{"type":"Point","coordinates":[-57.19630589,-28.96874517]},"properties":{"cue":"1801094-00","name":"ESCUELA Nº 703 \"TTE. GRAL. PEDRO EUGENIO ARAMBURU\"","locality":"SAN GABRIEL","department":"SAN MARTIN","zone":"Sin zona","enrollment":{"2023":2,"2024":6,"2025":5,"2026":6},"absChange":4,"pctChange":200,"trendLabel":"Aumentó","monthlySalaryCost":2347101.19,"trend":"up","fillColor":"#B7E1B0"}},{"type":"Feature","geometry":{"type":"Point","coordinates":[-56.216869,-28.00685]},"properties":{"cue":"1801101-00","name":"ESCUELA Nº 561 \"CTTE. GREGORIO A. PORTILLO\"","locality":"GOBERNADOR VIRASORO","department":"SANTO TOME","zone":"Sin zona","enrollment":{"2023":7,"2024":11,"2025":10,"2026":8},"absChange":1,"pctChange":14.3,"trendLabel":"Aumentó","monthlySalaryCost":2287205.27,"trend":"up","fillColor":"#B7E1B0"}},{"type":"Feature","geometry":{"type":"Point","coordinates":[-56.560506,-29.052375]},"properties":{"cue":"1801105-00","name":"ESCUELA PRIMARIA Nº 124","locality":"PASO ITU","department":"GENERAL ALVEAR","zone":"35","enrollment":{"2023":6,"2024":10,"2025":9,"2026":9},"absChange":3,"pctChange":50,"trendLabel":"Aumentó","monthlySalaryCost":2127482.82,"trend":"up","fillColor":"#B7E1B0"}},{"type":"Feature","geometry":{"type":"Point","coordinates":[-58.347602,-27.463206]},"properties":{"cue":"1801129-00","name":"ESCUELA Nº 119","locality":"ORATORIO","department":"SAN LUIS DEL PALMAR","zone":"7","enrollment":{"2023":4,"2024":4,"2025":6,"2026":6},"absChange":2,"pctChange":50,"trendLabel":"Aumentó","monthlySalaryCost":2007205.28,"trend":"up","fillColor":"#B7E1B0"}},{"type":"Feature","geometry":{"type":"Point","coordinates":[-56.84069459,-29.08333891]},"properties":{"cue":"1801185-00","name":"ESCUELA Nº 902","locality":"HORQUETA DE GUAVIRAVI","department":"SAN MARTIN","zone":"45","enrollment":{"2023":2,"2024":4,"2025":5,"2026":6},"absChange":4,"pctChange":200,"trendLabel":"Aumentó","monthlySalaryCost":2566719.57,"trend":"up","fillColor":"#B7E1B0"}},{"type":"Feature","geometry":{"type":"Point","coordinates":[-58.8237318,-28.1292981]},"properties":{"cue":"1801200-00","name":"ESCUELA PRIMARIA Nº 268","locality":"COLONIA IMPARCIALES","department":"EMPEDRADO","zone":"52","enrollment":{"2023":1,"2024":2,"2025":2,"2026":5},"absChange":4,"pctChange":400,"trendLabel":"Aumentó","monthlySalaryCost":1967274.65,"trend":"up","fillColor":"#B7E1B0"}},{"type":"Feature","geometry":{"type":"Point","coordinates":[-57.7599751,-27.8436161]},"properties":{"cue":"1801316-12","name":"J.I.N. Nº 6 - ESCUELA Nº 696","locality":"TALATY","department":"GENERAL PAZ","zone":"42","enrollment":{"2023":5,"2024":5,"2025":6,"2026":7},"absChange":2,"pctChange":40,"trendLabel":"Aumentó","monthlySalaryCost":1600000,"trend":"up","fillColor":"#B7E1B0"}},{"type":"Feature","geometry":{"type":"Point","coordinates":[-56.1081264,-28.2879476]},"properties":{"cue":"1801361-00","name":"ESCUELA Nº 172 \"DOMINGO FAUSTINO SARMIENTO\"","locality":"ESTACION CAZA PAVA","department":"SANTO TOME","zone":"Sin zona","enrollment":{"2023":2,"2024":null,"2025":1,"2026":3},"absChange":1,"pctChange":50,"trendLabel":"Aumentó","monthlySalaryCost":2300209.7,"trend":"up","fillColor":"#B7E1B0"}},{"type":"Feature","geometry":{"type":"Point","coordinates":[-58.5423444,-27.3818445]},"properties":{"cue":"1801434-03","name":"J.I.N. Nº 8 \"PANAMBI\" - ESCUELA Nº 858","locality":"ENSENADITA","department":"SAN COSME","zone":"8","enrollment":{"2023":6,"2024":7,"2025":8,"2026":9},"absChange":3,"pctChange":50,"trendLabel":"Aumentó","monthlySalaryCost":1251776.44,"trend":"up","fillColor":"#B7E1B0"}},{"type":"Feature","geometry":{"type":"Point","coordinates":[-58.330637,-30.147799]},"properties":{"cue":"1801530-00","name":"ESCUELA Nº 963 \"JUAN FRANCISCO GÜENAGA\"","locality":"GARAY","department":"CURUZU CUATIA","zone":"Sin zona","enrollment":{"2023":3,"2024":6,"2025":4,"2026":5},"absChange":2,"pctChange":66.7,"trendLabel":"Aumentó","monthlySalaryCost":2627195.89,"trend":"up","fillColor":"#B7E1B0"}},{"type":"Feature","geometry":{"type":"Point","coordinates":[-58.580367,-30.055162]},"properties":{"cue":"1801562-00","name":"ESCUELA Nº 970 \"JOSEFA PAMPIN DE FONSECA\"","locality":"RINCON DE ANIMAS","department":"SAUCE","zone":"57","enrollment":{"2023":5,"2024":5,"2025":5,"2026":6},"absChange":1,"pctChange":20,"trendLabel":"Aumentó","monthlySalaryCost":2207344.04,"trend":"up","fillColor":"#B7E1B0"}},{"type":"Feature","geometry":{"type":"Point","coordinates":[-58.00258,-28.22381]},"properties":{"cue":"1801596-05","name":"J.I.N. Nº 26 - ESCUELA Nº 308","locality":"SANTA ROSA","department":"CONCEPCION","zone":"32","enrollment":{"2023":5,"2024":8,"2025":7,"2026":8},"absChange":3,"pctChange":60,"trendLabel":"Aumentó","monthlySalaryCost":1656987.98,"trend":"up","fillColor":"#B7E1B0"}},{"type":"Feature","geometry":{"type":"Point","coordinates":[-58.8417737,-28.6688131]},"properties":{"cue":"1801621-03","name":"J.I.N. Nº 24 - ESCUELA Nº 807","locality":"SANTO DOMINGO","department":"SAN ROQUE","zone":"18","enrollment":{"2023":3,"2024":5,"2025":3,"2026":6},"absChange":3,"pctChange":100,"trendLabel":"Aumentó","monthlySalaryCost":1755965.6,"trend":"up","fillColor":"#B7E1B0"}},{"type":"Feature","geometry":{"type":"Point","coordinates":[-59.2356545,-29.3555102]},"properties":{"cue":"1801728-02","name":"J.I.N. Nº 56 - ESCUELA Nº 877","locality":"COLONIA SAUCE","department":"GOYA","zone":"2","enrollment":{"2023":5,"2024":6,"2025":7,"2026":7},"absChange":2,"pctChange":40,"trendLabel":"Aumentó","monthlySalaryCost":1403575.33,"trend":"up","fillColor":"#B7E1B0"}},{"type":"Feature","geometry":{"type":"Point","coordinates":[-59.3302676,-29.3542329]},"properties":{"cue":"1801728-04","name":"J.I.N. Nº 56 - ESCUELA Nº 865","locality":"LAS MERCEDES","department":"GOYA","zone":"2","enrollment":{"2023":5,"2024":6,"2025":7,"2026":7},"absChange":2,"pctChange":40,"trendLabel":"Aumentó","monthlySalaryCost":1473636.35,"trend":"up","fillColor":"#B7E1B0"}},{"type":"Feature","geometry":{"type":"Point","coordinates":[-59.3905714,-29.5082294]},"properties":{"cue":"1801731-05","name":"J.I.N. Nº 52 - ESCUELA Nº 861","locality":"SAN GREGORIO","department":"GOYA","zone":"55","enrollment":{"2023":3,"2024":7,"2025":6,"2026":6},"absChange":3,"pctChange":100,"trendLabel":"Aumentó","monthlySalaryCost":2190644.73,"trend":"up","fillColor":"#B7E1B0"}},{"type":"Feature","geometry":{"type":"Point","coordinates":[-59.2820533,-29.5986223]},"properties":{"cue":"1801731-08","name":"J.I.N. Nº 52 - ESCUELA Nº 934","locality":"LA MARTA","department":"GOYA","zone":"11","enrollment":{"2023":4,"2024":4,"2025":3,"2026":5},"absChange":1,"pctChange":25,"trendLabel":"Aumentó","monthlySalaryCost":1952500,"trend":"up","fillColor":"#B7E1B0"}},{"type":"Feature","geometry":{"type":"Point","coordinates":[-59.4918685,-29.972973]},"properties":{"cue":"1801745-03","name":"J.I.N. Nº 63 - ESCUELA Nº 235","locality":"SAN FERNANDO","department":"ESQUINA","zone":"38","enrollment":{"2023":5,"2024":6,"2025":7,"2026":9},"absChange":4,"pctChange":80,"trendLabel":"Aumentó","monthlySalaryCost":1286806.95,"trend":"up","fillColor":"#B7E1B0"}},{"type":"Feature","geometry":{"type":"Point","coordinates":[-58.8969866,-28.6362598]},"properties":{"cue":"1801749-01","name":"J.I.N. Nº 67 - ESCUELA Nº 922","locality":"ISLA ALTA","department":"BELLA VISTA","zone":"18","enrollment":{"2023":4,"2024":5,"2025":6,"2026":7},"absChange":3,"pctChange":75,"trendLabel":"Aumentó","monthlySalaryCost":1950000,"trend":"up","fillColor":"#B7E1B0"}},{"type":"Feature","geometry":{"type":"Point","coordinates":[-58.8372156,-28.5635656]},"properties":{"cue":"1801749-05","name":"J.I.N. Nº 67 - ESCUELA Nº 23","locality":"PARAJE JUAN DIAZ","department":"BELLA VISTA","zone":"18","enrollment":{"2023":4,"2024":2,"2025":2,"2026":7},"absChange":3,"pctChange":75,"trendLabel":"Aumentó","monthlySalaryCost":1950000,"trend":"up","fillColor":"#B7E1B0"}},{"type":"Feature","geometry":{"type":"Point","coordinates":[-58.4045081,-28.1658672]},"properties":{"cue":"1801750-01","name":"J.I.N. Nº 60 - ESCUELA Nº 936","locality":"PAGO DE LOS DESEOS","department":"SALADAS","zone":"19","enrollment":{"2023":7,"2024":6,"2025":9,"2026":8},"absChange":1,"pctChange":14.3,"trendLabel":"Aumentó","monthlySalaryCost":1356867.98,"trend":"up","fillColor":"#B7E1B0"}},{"type":"Feature","geometry":{"type":"Point","coordinates":[-58.4725062,-28.3335859]},"properties":{"cue":"1801750-04","name":"J.I.N. Nº 60 - ESCUELA Nº 351","locality":"PASO NARANJITO","department":"SALADAS","zone":"30","enrollment":{"2023":5,"2024":5,"2025":6,"2026":9},"absChange":4,"pctChange":80,"trendLabel":"Aumentó","monthlySalaryCost":1763818.4,"trend":"up","fillColor":"#B7E1B0"}},{"type":"Feature","geometry":{"type":"Point","coordinates":[-58.3883331,-28.1256295]},"properties":{"cue":"1801750-08","name":"J.I.N. Nº 60 - ESCUELA Nº 614","locality":"PAGO ALEGRE","department":"SALADAS","zone":"19","enrollment":{"2023":7,"2024":7,"2025":11,"2026":9},"absChange":2,"pctChange":28.6,"trendLabel":"Aumentó","monthlySalaryCost":1286806.96,"trend":"up","fillColor":"#B7E1B0"}},{"type":"Feature","geometry":{"type":"Point","coordinates":[-58.6040923,-27.792183]},"properties":{"cue":"1801752-02","name":"J.I.N. Nº 68 - ESCUELA Nº 537","locality":"ARROYO SOLIS","department":"EMPEDRADO","zone":"1","enrollment":{"2023":4,"2024":5,"2025":3,"2026":5},"absChange":1,"pctChange":25,"trendLabel":"Aumentó","monthlySalaryCost":0,"trend":"up","fillColor":"#B7E1B0"}},{"type":"Feature","geometry":{"type":"Point","coordinates":[-59.00855658,-30.17743122]},"properties":{"cue":"1801753-02","name":"J.I.N. Nº 64 - ESCUELA Nº 631","locality":"CAÑADITAS","department":"SAUCE","zone":"6","enrollment":{"2023":4,"2024":2,"2025":4,"2026":7},"absChange":3,"pctChange":75,"trendLabel":"Aumentó","monthlySalaryCost":1483514.31,"trend":"up","fillColor":"#B7E1B0"}},{"type":"Feature","geometry":{"type":"Point","coordinates":[-58.6483073,-29.4415267]},"properties":{"cue":"1801760-04","name":"J.I.N. Nº 58 - ESCUELA Nº 867","locality":"PERUGORRIA","department":"CURUZU CUATIA","zone":"Sin zona","enrollment":{"2023":6,"2024":4,"2025":8,"2026":7},"absChange":1,"pctChange":16.7,"trendLabel":"Aumentó","monthlySalaryCost":1333514.31,"trend":"up","fillColor":"#B7E1B0"}},{"type":"Feature","geometry":{"type":"Point","coordinates":[-58.5128689,-29.3095507]},"properties":{"cue":"1801760-05","name":"J.I.N. Nº 58 - ESCUELA Nº 571","locality":"PERUGORRIA (RURAL)","department":"CURUZU CUATIA","zone":"Sin zona","enrollment":{"2023":5,"2024":4,"2025":4,"2026":9},"absChange":4,"pctChange":80,"trendLabel":"Aumentó","monthlySalaryCost":1763818.4,"trend":"up","fillColor":"#B7E1B0"}},{"type":"Feature","geometry":{"type":"Point","coordinates":[-57.9330235,-27.8760801]},"properties":{"cue":"1801781-05","name":"J.I.N. Nº 72 - ESCUELA Nº 848","locality":"PALMAR GRANDE (RURAL)","department":"GENERAL PAZ","zone":"9","enrollment":{"2023":4,"2024":5,"2025":4,"2026":7},"absChange":3,"pctChange":75,"trendLabel":"Aumentó","monthlySalaryCost":1717111.05,"trend":"up","fillColor":"#B7E1B0"}},{"type":"Feature","geometry":{"type":"Point","coordinates":[-57.8271793,-27.7587155]},"properties":{"cue":"1801781-06","name":"J.I.N. Nº 72 - ESCUELA Nº 697","locality":"GENERAL PAZ","department":"GENERAL PAZ","zone":"12","enrollment":{"2023":5,"2024":6,"2025":3,"2026":6},"absChange":1,"pctChange":20,"trendLabel":"Aumentó","monthlySalaryCost":2029010.33,"trend":"up","fillColor":"#B7E1B0"}},{"type":"Feature","geometry":{"type":"Point","coordinates":[-57.920702,-30.2717366]},"properties":{"cue":"1801783-03","name":"J.I.N Nº  61- ESCUELA Nº 359","locality":"TRES BOCAS","department":"MONTE CASEROS","zone":"48","enrollment":{"2023":3,"2024":4,"2025":5,"2026":4},"absChange":1,"pctChange":33.3,"trendLabel":"Aumentó","monthlySalaryCost":0,"trend":"up","fillColor":"#B7E1B0"}},{"type":"Feature","geometry":{"type":"Point","coordinates":[-58.2716076,-30.0692396]},"properties":{"cue":"1800028-00","name":"ESCUELA Nº 220 \"BENITA G. DE MARTICORENA\"","locality":"EMILIO R. CONI","department":"CURUZU CUATIA","zone":"Sin zona","enrollment":{"2023":3,"2024":2,"2025":3,"2026":3},"absChange":0,"pctChange":0,"trendLabel":"Sin cambio","monthlySalaryCost":2347681.59,"trend":"flat","fillColor":"#FFF0A8"}},{"type":"Feature","geometry":{"type":"Point","coordinates":[-57.7725858,-27.7425683]},"properties":{"cue":"1800047-00","name":"ESCUELA Nº 55","locality":"PASO FLORENTIN","department":"GENERAL PAZ","zone":"12","enrollment":{"2023":9,"2024":7,"2025":6,"2026":9},"absChange":0,"pctChange":0,"trendLabel":"Sin cambio","monthlySalaryCost":3936303.07,"trend":"flat","fillColor":"#FFF0A8"}},{"type":"Feature","geometry":{"type":"Point","coordinates":[-58.3297326,-27.9278403]},"properties":{"cue":"1800056-00","name":"ESCUELA Nº 49 \"DON GIL ROMERO\"","locality":"BERNACHEA","department":"EMPEDRADO","zone":"4","enrollment":{"2023":2,"2024":2,"2025":1,"2026":2},"absChange":0,"pctChange":0,"trendLabel":"Sin cambio","monthlySalaryCost":3960106.11,"trend":"flat","fillColor":"#FFF0A8"}},{"type":"Feature","geometry":{"type":"Point","coordinates":[-57.9482289,-28.7814492]},"properties":{"cue":"1800073-00","name":"ESCUELA Nº 773 \"GRAL. ALVAREZ ARENALES\"","locality":"ARROYO GRANDE","department":"MERCEDES","zone":"Sin zona","enrollment":{"2023":7,"2024":7,"2025":7,"2026":7},"absChange":0,"pctChange":0,"trendLabel":"Sin cambio","monthlySalaryCost":2347101.19,"trend":"flat","fillColor":"#FFF0A8"}},{"type":"Feature","geometry":{"type":"Point","coordinates":[-59.2049317,-30.1901972]},"properties":{"cue":"1800086-00","name":"ESCUELA Nº 834 \"AGUSTIN P. JUSTO\"","locality":"MALEZAL","department":"ESQUINA","zone":"13","enrollment":{"2023":4,"2024":5,"2025":6,"2026":4},"absChange":0,"pctChange":0,"trendLabel":"Sin cambio","monthlySalaryCost":2367066.5,"trend":"flat","fillColor":"#FFF0A8"}},{"type":"Feature","geometry":{"type":"Point","coordinates":[-59.4189117,-30.1996535]},"properties":{"cue":"1800095-00","name":"ESCUELA Nº 713 \"ISLA GRAN MALVINA\"","locality":"CAMPO BORDON","department":"ESQUINA","zone":"3","enrollment":{"2023":6,"2024":5,"2025":5,"2026":6},"absChange":0,"pctChange":0,"trendLabel":"Sin cambio","monthlySalaryCost":3598380.39,"trend":"flat","fillColor":"#FFF0A8"}},{"type":"Feature","geometry":{"type":"Point","coordinates":[-58.3413669,-27.7113526]},"properties":{"cue":"1800113-00","name":"ESCUELA Nº 859","locality":"LOMAS DE GONZALEZ","department":"SAN LUIS DEL PALMAR","zone":"Sin zona","enrollment":{"2023":1,"2024":1,"2025":1,"2026":1},"absChange":0,"pctChange":0,"trendLabel":"Sin cambio","monthlySalaryCost":2347101.19,"trend":"flat","fillColor":"#FFF0A8"}},{"type":"Feature","geometry":{"type":"Point","coordinates":[-58.1861765,-29.482787]},"properties":{"cue":"1800158-00","name":"ESCUELA Nº 302 \"MALVINAS ARGENTINAS\"","locality":"CURUZU CUATIA","department":"CURUZU CUATIA","zone":"Sin zona","enrollment":{"2023":3,"2024":2,"2025":2,"2026":3},"absChange":0,"pctChange":0,"trendLabel":"Sin cambio","monthlySalaryCost":2357434.04,"trend":"flat","fillColor":"#FFF0A8"}},{"type":"Feature","geometry":{"type":"Point","coordinates":[-58.6298653,-27.5282548]},"properties":{"cue":"1800164-00","name":"ESCUELA Nº 113 \"SIMON FIDEL BUSTINDUY\"","locality":"CAVIA CUE","department":"SAN LUIS DEL PALMAR","zone":"Sin zona","enrollment":{"2023":4,"2024":3,"2025":4,"2026":4},"absChange":0,"pctChange":0,"trendLabel":"Sin cambio","monthlySalaryCost":3594148.13,"trend":"flat","fillColor":"#FFF0A8"}},{"type":"Feature","geometry":{"type":"Point","coordinates":[-57.0817089,-29.0877019]},"properties":{"cue":"1800273-00","name":"ESCUELA Nº 952","locality":"LOMA ALTA","department":"SAN MARTIN","zone":"Sin zona","enrollment":{"2023":3,"2024":3,"2025":3,"2026":3},"absChange":0,"pctChange":0,"trendLabel":"Sin cambio","monthlySalaryCost":2141957.94,"trend":"flat","fillColor":"#FFF0A8"}},{"type":"Feature","geometry":{"type":"Point","coordinates":[-56.764814,-28.801583]},"properties":{"cue":"1800353-00","name":"ESCUELA Nº 41 \"VIRGINIA BURGOS DE FEU\"","locality":"YURU CUA","department":"SAN MARTIN","zone":"Sin zona","enrollment":{"2023":2,"2024":2,"2025":3,"2026":2},"absChange":0,"pctChange":0,"trendLabel":"Sin cambio","monthlySalaryCost":2147448.13,"trend":"flat","fillColor":"#FFF0A8"}},{"type":"Feature","geometry":{"type":"Point","coordinates":[-58.3239874,-29.6924145]},"properties":{"cue":"1800363-00","name":"ESCUELA Nº 575 \"JUANA RAMIREZ DE BARRIENTOS\"","locality":"TUNITAS","department":"CURUZU CUATIA","zone":"Sin zona","enrollment":{"2023":8,"2024":8,"2025":9,"2026":8},"absChange":0,"pctChange":0,"trendLabel":"Sin cambio","monthlySalaryCost":2286719.57,"trend":"flat","fillColor":"#FFF0A8"}},{"type":"Feature","geometry":{"type":"Point","coordinates":[-57.705289,-30.359958]},"properties":{"cue":"1800450-00","name":"ESCUELA Nº 647 \"JOSE MARMOL\"","locality":"ARROYO TIMBOY","department":"MONTE CASEROS","zone":"10","enrollment":{"2023":2,"2024":3,"2025":4,"2026":2},"absChange":0,"pctChange":0,"trendLabel":"Sin cambio","monthlySalaryCost":1687760.35,"trend":"flat","fillColor":"#FFF0A8"}},{"type":"Feature","geometry":{"type":"Point","coordinates":[-58.270261,-28.2653619]},"properties":{"cue":"1800467-00","name":"ESCUELA Nº 805","locality":"SANTA TERESITA","department":"CONCEPCION","zone":"49","enrollment":{"2023":7,"2024":7,"2025":8,"2026":7},"absChange":0,"pctChange":0,"trendLabel":"Sin cambio","monthlySalaryCost":3884743.81,"trend":"flat","fillColor":"#FFF0A8"}},{"type":"Feature","geometry":{"type":"Point","coordinates":[-55.9046783,-27.8457732]},"properties":{"cue":"1800481-00","name":"ESCUELA PRIMARIA Nº 335","locality":"SANTOS LUGARES","department":"ITUZAINGO","zone":"Sin zona","enrollment":{"2023":8,"2024":8,"2025":10,"2026":8},"absChange":0,"pctChange":0,"trendLabel":"Sin cambio","monthlySalaryCost":2127482.82,"trend":"flat","fillColor":"#FFF0A8"}},{"type":"Feature","geometry":{"type":"Point","coordinates":[-57.6916133,-30.2584423]},"properties":{"cue":"1800566-00","name":"ESCUELA Nº 473 \"LA ROSADA\"","locality":"CHACRAS","department":"MONTE CASEROS","zone":"10","enrollment":{"2023":3,"2024":2,"2025":5,"2026":3},"absChange":0,"pctChange":0,"trendLabel":"Sin cambio","monthlySalaryCost":3124217.51,"trend":"flat","fillColor":"#FFF0A8"}},{"type":"Feature","geometry":{"type":"Point","coordinates":[-57.9601819,-27.5804864]},"properties":{"cue":"1800583-00","name":"ESCUELA Nº 192 \"SOLDADO RAMON GARCIA\"","locality":"CHAÑAR","department":"SAN LUIS DEL PALMAR","zone":"50","enrollment":{"2023":8,"2024":8,"2025":8,"2026":8},"absChange":0,"pctChange":0,"trendLabel":"Sin cambio","monthlySalaryCost":3953583.65,"trend":"flat","fillColor":"#FFF0A8"}},{"type":"Feature","geometry":{"type":"Point","coordinates":[-58.0712284,-27.5052764]},"properties":{"cue":"1800588-00","name":"ESCUELA Nº 437","locality":"LOMAS DE GALARZA","department":"SAN LUIS DEL PALMAR","zone":"26","enrollment":{"2023":6,"2024":5,"2025":5,"2026":6},"absChange":0,"pctChange":0,"trendLabel":"Sin cambio","monthlySalaryCost":4700658.26,"trend":"flat","fillColor":"#FFF0A8"}},{"type":"Feature","geometry":{"type":"Point","coordinates":[-58.6238998,-28.0031401]},"properties":{"cue":"1800708-00","name":"ESCUELA Nº 52 \"JUAN TORRE DE VERA Y ARAGON\"","locality":"RINCON DEL MADREGON","department":"EMPEDRADO","zone":"28","enrollment":{"2023":2,"2024":1,"2025":1,"2026":2},"absChange":0,"pctChange":0,"trendLabel":"Sin cambio","monthlySalaryCost":3673583.65,"trend":"flat","fillColor":"#FFF0A8"}},{"type":"Feature","geometry":{"type":"Point","coordinates":[-58.12155116,-27.94448843]},"properties":{"cue":"1800730-00","name":"ESCUELA Nº 523 \"TEODOMIRO ATILANO MAURIÑO\"","locality":"MANANTIALES","department":"MBURUCUYA","zone":"29","enrollment":{"2023":5,"2024":3,"2025":3,"2026":5},"absChange":0,"pctChange":0,"trendLabel":"Sin cambio","monthlySalaryCost":3615241.54,"trend":"flat","fillColor":"#FFF0A8"}},{"type":"Feature","geometry":{"type":"Point","coordinates":[-55.96269391,-27.65012031]},"properties":{"cue":"1800762-00","name":"ESCUELA Nº 953 \" DR. ALFREDO LANARI\"","locality":"PARAJE BUENA VISTA","department":"ITUZAINGO","zone":"Sin zona","enrollment":{"2023":4,"2024":6,"2025":4,"2026":4},"absChange":0,"pctChange":0,"trendLabel":"Sin cambio","monthlySalaryCost":3713429.13,"trend":"flat","fillColor":"#FFF0A8"}},{"type":"Feature","geometry":{"type":"Point","coordinates":[-58.743273,-28.076135]},"properties":{"cue":"1800843-00","name":"ESCUELA PRIMARIA Nº 540 \"GUMERSINDA SOLIS DE SANZ\"","locality":"COLONIA SANZ","department":"EMPEDRADO","zone":"28","enrollment":{"2023":4,"2024":6,"2025":4,"2026":4},"absChange":0,"pctChange":0,"trendLabel":"Sin cambio","monthlySalaryCost":3324356.29,"trend":"flat","fillColor":"#FFF0A8"}},{"type":"Feature","geometry":{"type":"Point","coordinates":[-58.6857042,-27.8655542]},"properties":{"cue":"1800850-00","name":"ESCUELA Nº 914","locality":"SAN JUANCITO","department":"EMPEDRADO","zone":"53","enrollment":{"2023":5,"2024":4,"2025":8,"2026":5},"absChange":0,"pctChange":0,"trendLabel":"Sin cambio","monthlySalaryCost":1927829.74,"trend":"flat","fillColor":"#FFF0A8"}},{"type":"Feature","geometry":{"type":"Point","coordinates":[-57.940773,-28.145559]},"properties":{"cue":"1800903-00","name":"ESCUELA PRIMARIA Nº 438","locality":"PASO TALA","department":"CONCEPCION","zone":"Sin zona","enrollment":{"2023":8,"2024":8,"2025":9,"2026":8},"absChange":0,"pctChange":0,"trendLabel":"Sin cambio","monthlySalaryCost":2566719.57,"trend":"flat","fillColor":"#FFF0A8"}},{"type":"Feature","geometry":{"type":"Point","coordinates":[-59.35718599,-29.28982909]},"properties":{"cue":"1800979-00","name":"ESCUELA Nº 782 \"FRAY LUIS BELTRAN\"","locality":"ESTABLECIMIENTO EL RUBIO","department":"GOYA","zone":"2","enrollment":{"2023":1,"2024":2,"2025":2,"2026":1},"absChange":0,"pctChange":0,"trendLabel":"Sin cambio","monthlySalaryCost":1967274.65,"trend":"flat","fillColor":"#FFF0A8"}},{"type":"Feature","geometry":{"type":"Point","coordinates":[-58.030635,-28.471885]},"properties":{"cue":"1801031-00","name":"ESCUELA Nº 190","locality":"VILLA AQUINO","department":"LAVALLE","zone":"15","enrollment":{"2023":4,"2024":5,"2025":4,"2026":4},"absChange":0,"pctChange":0,"trendLabel":"Sin cambio","monthlySalaryCost":3603384.88,"trend":"flat","fillColor":"#FFF0A8"}},{"type":"Feature","geometry":{"type":"Point","coordinates":[-58.610182,-27.499488]},"properties":{"cue":"1801117-00","name":"ESCUELA PRIMARIA Nº 608 \"SAGRADO CORAZON DE JESUS\"","locality":"DESAGUADERO","department":"SAN COSME","zone":"8","enrollment":{"2023":9,"2024":7,"2025":8,"2026":9},"absChange":0,"pctChange":0,"trendLabel":"Sin cambio","monthlySalaryCost":4638433.18,"trend":"flat","fillColor":"#FFF0A8"}},{"type":"Feature","geometry":{"type":"Point","coordinates":[-56.5589256,-28.9459916]},"properties":{"cue":"1801189-00","name":"ESCUELA Nº 185 \"ERNESTO RODOLFO MEYER\"","locality":"SANTA ROSA","department":"GENERAL ALVEAR","zone":"35","enrollment":{"2023":7,"2024":6,"2025":5,"2026":7},"absChange":0,"pctChange":0,"trendLabel":"Sin cambio","monthlySalaryCost":3723662.43,"trend":"flat","fillColor":"#FFF0A8"}},{"type":"Feature","geometry":{"type":"Point","coordinates":[-57.76117526,-28.51418359]},"properties":{"cue":"1801529-00","name":"ESCUELA Nº 961","locality":"YAJARAVE","department":"CONCEPCION","zone":"Sin zona","enrollment":{"2023":2,"2024":1,"2025":2,"2026":2},"absChange":0,"pctChange":0,"trendLabel":"Sin cambio","monthlySalaryCost":3241432.63,"trend":"flat","fillColor":"#FFF0A8"}},{"type":"Feature","geometry":{"type":"Point","coordinates":[-58.098903,-28.847798]},"properties":{"cue":"1801561-00","name":"ESCUELA Nº 967","locality":"TORO RATAY","department":"MERCEDES","zone":"21","enrollment":{"2023":3,"2024":4,"2025":4,"2026":3},"absChange":0,"pctChange":0,"trendLabel":"Sin cambio","monthlySalaryCost":280000,"trend":"flat","fillColor":"#FFF0A8"}},{"type":"Feature","geometry":{"type":"Point","coordinates":[-58.3102292,-28.4049112]},"properties":{"cue":"1801597-01","name":"J.I.N. Nº 28 - ESCUELA Nº 218","locality":"TATACUA","department":"CONCEPCION","zone":"Sin zona","enrollment":{"2023":9,"2024":9,"2025":11,"2026":9},"absChange":0,"pctChange":0,"trendLabel":"Sin cambio","monthlySalaryCost":1567051.05,"trend":"flat","fillColor":"#FFF0A8"}},{"type":"Feature","geometry":{"type":"Point","coordinates":[-58.671112,-28.5337581]},"properties":{"cue":"1801621-02","name":"J.I.N. Nº 24 - ESCUELA Nº 232","locality":"SANTA ANGELICA","department":"SAN ROQUE","zone":"37","enrollment":{"2023":8,"2024":5,"2025":3,"2026":8},"absChange":0,"pctChange":0,"trendLabel":"Sin cambio","monthlySalaryCost":1380221.66,"trend":"flat","fillColor":"#FFF0A8"}},{"type":"Feature","geometry":{"type":"Point","coordinates":[-59.3664484,-30.2605892]},"properties":{"cue":"1801755-03","name":"J.I.N. Nº 70 - ESCUELA Nº 699","locality":"CORONEL ABRAHAM SCHWEIZER","department":"ESQUINA","zone":"3","enrollment":{"2023":3,"2024":4,"2025":3,"2026":3},"absChange":0,"pctChange":0,"trendLabel":"Sin cambio","monthlySalaryCost":1750402.68,"trend":"flat","fillColor":"#FFF0A8"}},{"type":"Feature","geometry":{"type":"Point","coordinates":[-58.720232,-29.548246]},"properties":{"cue":"1801760-06","name":"J.I.N. Nº 58 - ESCUELA Nº 366","locality":"PERUGORRIA (RURAL)","department":"CURUZU CUATIA","zone":"Sin zona","enrollment":{"2023":5,"2024":5,"2025":3,"2026":5},"absChange":0,"pctChange":0,"trendLabel":"Sin cambio","monthlySalaryCost":1415250,"trend":"flat","fillColor":"#FFF0A8"}},{"type":"Feature","geometry":{"type":"Point","coordinates":[-57.9331013,-27.8761346]},"properties":{"cue":"1800040-00","name":"ESCUELA Nº 848","locality":"PUISOYE","department":"GENERAL PAZ","zone":"9","enrollment":{"2023":null,"2024":13,"2025":9,"2026":8},"absChange":null,"pctChange":null,"trendLabel":"Sin base comparable","monthlySalaryCost":5839724.97,"trend":"partial","fillColor":"#D9D9D9"}},{"type":"Feature","geometry":{"type":"Point","coordinates":[-55.951014,-28.2821743]},"properties":{"cue":"1800213-00","name":"ESCUELA Nº 324 \"ALFREDO ERNESTO HAYNES\"","locality":"VIROCAY","department":"SANTO TOME","zone":"23","enrollment":{"2023":null,"2024":4,"2025":3,"2026":2},"absChange":null,"pctChange":null,"trendLabel":"Sin base comparable","monthlySalaryCost":2327135.89,"trend":"partial","fillColor":"#D9D9D9"}},{"type":"Feature","geometry":{"type":"Point","coordinates":[-56.84113,-29.420821]},"properties":{"cue":"1800221-00","name":"ESCUELA Nº 127 \"SAN MARTIN\"","locality":"COSTA GUAVIRAVI","department":"SAN MARTIN","zone":"24","enrollment":{"2023":null,"2024":13,"2025":13,"2026":8},"absChange":null,"pctChange":null,"trendLabel":"Sin base comparable","monthlySalaryCost":3160367.74,"trend":"partial","fillColor":"#D9D9D9"}},{"type":"Feature","geometry":{"type":"Point","coordinates":[-56.8023184,-29.3611741]},"properties":{"cue":"1800338-00","name":"ESCUELA Nº 797","locality":"AGUAPE","department":"SAN MARTIN","zone":"24","enrollment":{"2023":null,"2024":10,"2025":6,"2026":5},"absChange":null,"pctChange":null,"trendLabel":"Sin base comparable","monthlySalaryCost":2207344.04,"trend":"partial","fillColor":"#D9D9D9"}},{"type":"Feature","geometry":{"type":"Point","coordinates":[-58.6464025,-28.2405019]},"properties":{"cue":"1800712-00","name":"ESCUELA Nº 615","locality":"SAN FRANCISCO","department":"SALADAS","zone":"Sin zona","enrollment":{"2023":null,"2024":11,"2025":6,"2026":5},"absChange":null,"pctChange":null,"trendLabel":"Sin base comparable","monthlySalaryCost":4632145.06,"trend":"partial","fillColor":"#D9D9D9"}},{"type":"Feature","geometry":{"type":"Point","coordinates":[-58.603905,-27.792243]},"properties":{"cue":"1800719-00","name":"ESCUELA Nº 537 \" ADRIAN GODOY \"","locality":"ARROYO SOLIS","department":"EMPEDRADO","zone":"1","enrollment":{"2023":null,"2024":14,"2025":13,"2026":9},"absChange":null,"pctChange":null,"trendLabel":"Sin base comparable","monthlySalaryCost":4059921.93,"trend":"partial","fillColor":"#D9D9D9"}},{"type":"Feature","geometry":{"type":"Point","coordinates":[-57.783232,-28.230728]},"properties":{"cue":"1800913-00","name":"ESCUELA PRIMARIA Nº 911","locality":"ESPINILLOS","department":"CONCEPCION","zone":"33","enrollment":{"2023":null,"2024":null,"2025":null,"2026":3},"absChange":null,"pctChange":null,"trendLabel":"Sin base comparable","monthlySalaryCost":2211977.5,"trend":"partial","fillColor":"#D9D9D9"}},{"type":"Feature","geometry":{"type":"Point","coordinates":[-57.0986112,-28.5370595]},"properties":{"cue":"1801099-00","name":"ESCUELA Nº 862","locality":"COLONIA CARLOS PELLEGRINI","department":"SAN MARTIN","zone":"Sin zona","enrollment":{"2023":null,"2024":13,"2025":7,"2026":3},"absChange":null,"pctChange":null,"trendLabel":"Sin base comparable","monthlySalaryCost":2486372.63,"trend":"partial","fillColor":"#D9D9D9"}},{"type":"Feature","geometry":{"type":"Point","coordinates":[-57.629132,-29.974936]},"properties":{"cue":"1801538-00","name":"ESCUELA Nº 210 \"SARGENTO CABRAL\"","locality":"PASO DE LOS LIBRES","department":"PASO DE LOS LIBRES","zone":"Sin zona","enrollment":{"2023":null,"2024":2,"2025":3,"2026":1},"absChange":null,"pctChange":null,"trendLabel":"Sin base comparable","monthlySalaryCost":3559673.87,"trend":"partial","fillColor":"#D9D9D9"}},{"type":"Feature","geometry":{"type":"Point","coordinates":[-59.24866,-29.10279]},"properties":{"cue":"1801608-03","name":"J.I.N. Nº 12 - ESCUELA Nº 733","locality":"REMANSO","department":"GOYA","zone":"58","enrollment":{"2023":null,"2024":null,"2025":7,"2026":9},"absChange":null,"pctChange":null,"trendLabel":"Sin base comparable","monthlySalaryCost":1240099.6,"trend":"partial","fillColor":"#D9D9D9"}},{"type":"Feature","geometry":{"type":"Point","coordinates":[-58.4432032,-27.3581036]},"properties":{"cue":"1801724-01","name":"J.I.N. Nº 50 - ESCUELA Nº 776","locality":"SANTO DOMINGO","department":"SAN COSME","zone":"7","enrollment":{"2023":null,"2024":10,"2025":5,"2026":6},"absChange":null,"pctChange":null,"trendLabel":"Sin base comparable","monthlySalaryCost":1930000,"trend":"partial","fillColor":"#D9D9D9"}},{"type":"Feature","geometry":{"type":"Point","coordinates":[-58.6235235,-27.4311464]},"properties":{"cue":"1801733-01","name":"J.I.N. Nº 51 - ESCUELA Nº 422","locality":"SANTA ANA","department":"SAN COSME","zone":"8","enrollment":{"2023":null,"2024":7,"2025":8,"2026":9},"absChange":null,"pctChange":null,"trendLabel":"Sin base comparable","monthlySalaryCost":810749.22,"trend":"partial","fillColor":"#D9D9D9"}}]}