{"type":"FeatureCollection","features":[{"type":"Feature","properties":{"name":"Zona 1","diameterKm":20,"establishments":8,"completeHistory":7,"observable":{"2023":39,"2024":55,"2025":49,"2026":44},"comparable":{"2023":39,"2026":35},"pctChange":-10.3,"trendLabel":"Disminuyó","upCount":3,"downCount":4,"flatCount":0,"monthlySalaryCost":22692466.54,"monthlySavings":18632544.61,"trend":"down","center":[-58.56407925,-27.8022701625],"radiusM":10000,"fillColor":"#F4B7B4","strokeColor":"#D64541"},"geometry":{"type":"Polygon","coordinates":[[[-58.56407925,-27.712338126127552],[-58.57403630081461,-27.712770816565524],[-58.5838976951895,-27.71406473107524],[-58.59356868890879,-27.71620743888552],[-58.602956353760945,-27.7191783538153],[-58.61197046450119,-27.722948930648688],[-58.62052436075766,-27.727482937507833],[-58.62853577584831,-27.732736801696642],[-58.63592762474719,-27.738660025801924],[-58.64262874377726,-27.745195670178518],[-58.64857457501034,-27.752280897317895],[-58.653707788821954,-27.759847573009537],[-58.657978838576476,-27.76782291865847],[-58.661346442006405,-27.776130208624256],[-58.663777984491205,-27.784689506002245],[-58.6652498401366,-27.793418429881868],[-58.66574760729769,-27.802232946792607],[-58.66526625597257,-27.811048178790816],[-58.66381018531524,-27.819779220452645],[-58.66139319036542,-27.82834195692302],[-58.65803833796571,-27.836653875129908],[-58.65377775272243,-27.844634860309057],[-58.64865231475712,-27.852207970097123],[-58.6427112718819,-27.85930017864135],[-58.63601176970447,-27.86584308344037],[-58.628618304014694,-27.871773567971907],[-58.62060210061847,-27.877034413576478],[-58.612040428550706,-27.881574854548365],[-58.6030158533115,-27.885351070931215],[-58.593615437416815,-27.888326614121357],[-58.58392989612759,-27.890472761040353],[-58.57405271671229,-27.89176879334319],[-58.56407925,-27.892202198872457],[-58.55410578328772,-27.89176879334319],[-58.54422860387241,-27.890472761040353],[-58.53454306258319,-27.888326614121357],[-58.52514264668851,-27.885351070931215],[-58.5161180714493,-27.881574854548365],[-58.50755639938153,-27.877034413576478],[-58.499540195985304,-27.871773567971907],[-58.49214673029553,-27.86584308344037],[-58.48544722811809,-27.859300178641348],[-58.47950618524288,-27.852207970097123],[-58.474380747277564,-27.844634860309057],[-58.47012016203428,-27.836653875129908],[-58.46676530963458,-27.82834195692302],[-58.46434831468476,-27.819779220452645],[-58.46289224402744,-27.811048178790816],[-58.462410892702316,-27.802232946792607],[-58.462908659863395,-27.793418429881868],[-58.4643805155088,-27.784689506002245],[-58.466812057993586,-27.776130208624256],[-58.47017966142353,-27.76782291865847],[-58.47445071117805,-27.759847573009537],[-58.479583924989655,-27.752280897317895],[-58.485529756222746,-27.745195670178518],[-58.49223087525281,-27.738660025801924],[-58.499622724151685,-27.732736801696642],[-58.507634139242334,-27.727482937507833],[-58.51618803549881,-27.722948930648688],[-58.525202146239046,-27.7191783538153],[-58.534589811091216,-27.71620743888552],[-58.544260804810506,-27.71406473107524],[-58.55412219918539,-27.712770816565524],[-58.56407925,-27.712338126127552]]]}},{"type":"Feature","properties":{"name":"Zona 2","diameterKm":20,"establishments":7,"completeHistory":7,"observable":{"2023":49,"2024":43,"2025":45,"2026":45},"comparable":{"2023":49,"2026":45},"pctChange":-8.2,"trendLabel":"Disminuyó","upCount":3,"downCount":3,"flatCount":1,"monthlySalaryCost":12539883.27,"monthlySavings":10218237.57,"trend":"down","center":[-59.32733880857143,-29.35850353285715],"radiusM":10000,"fillColor":"#F4B7B4","strokeColor":"#D64541"},"geometry":{"type":"Polygon","coordinates":[[[-59.32733880857143,-29.26857149648469],[-59.337443743791795,-29.26900416307695],[-59.34745161782927,-29.27029800696359],[-59.357266294509365,-29.272440600080653],[-59.36679347913613,-29.275411360644025],[-59.37594161795427,-29.279181749356294],[-59.384622772269964,-29.283715541553335],[-59.39275345910149,-29.288969172772084],[-59.400255450502996,-29.29489215453645],[-59.4070565240425,-29.30142755650037],[-59.41309115731991,-29.308512550459984],[-59.418301159878,-29.316079011158276],[-59.42263623639019,-29.324054168258996],[-59.426054475598356,-29.332361303368334],[-59.428522760120735,-29.340920485537442],[-59.430017092950436,-29.349649338291243],[-59.43052283721299,-29.358463830902966],[-59.43003486654485,-29.367279086374484],[-59.42855762428432,-29.376010198391608],[-59.42610509052821,-29.384573049406054],[-59.422700656992596,-29.392885121952084],[-59.418376910515725,-29.400866295339174],[-59.41317532694811,-29.40843961997222],[-59.40714587807692,-29.41553206173883],[-59.400346555122184,-29.42207520916764],[-59.39284281320602,-29.42800593640117],[-59.384706942027734,-29.433267015439057],[-59.376017368761325,-29.43780767158903],[-59.366857899921776,-29.44158407660911],[-59.35731690960852,-29.44455977463062],[-59.34748648212244,-29.446706036611182],[-59.33746151745636,-29.4480021397733],[-59.32733880857143,-29.448435569229602],[-59.31721609968651,-29.4480021397733],[-59.307191135020425,-29.446706036611182],[-59.297360707534345,-29.44455977463062],[-59.28781971722109,-29.44158407660911],[-59.27866024838155,-29.43780767158903],[-59.26997067511513,-29.433267015439057],[-59.261834803936836,-29.42800593640117],[-59.25433106202068,-29.42207520916764],[-59.24753173906595,-29.41553206173883],[-59.24150229019477,-29.40843961997222],[-59.236300706627134,-29.400866295339174],[-59.23197696015026,-29.392885121952084],[-59.22857252661465,-29.384573049406054],[-59.22611999285854,-29.376010198391608],[-59.22464275059801,-29.367279086374484],[-59.224154779929876,-29.358463830902966],[-59.22466052419243,-29.349649338291243],[-59.226154857022124,-29.340920485537442],[-59.22862314154451,-29.332361303368334],[-59.23204138075267,-29.324054168258996],[-59.236376457264875,-29.316079011158276],[-59.24158645982296,-29.308512550459984],[-59.247621093100356,-29.30142755650037],[-59.25442216663986,-29.29489215453645],[-59.26192415804137,-29.288969172772084],[-59.2700548448729,-29.283715541553335],[-59.27873599918859,-29.279181749356294],[-59.287884138006746,-29.275411360644025],[-59.29741132263351,-29.272440600080653],[-59.3072259993136,-29.27029800696359],[-59.31723387335107,-29.26900416307695],[-59.32733880857143,-29.26857149648469]]]}},{"type":"Feature","properties":{"name":"Zona 3","diameterKm":20,"establishments":6,"completeHistory":6,"observable":{"2023":52,"2024":39,"2025":33,"2026":33},"comparable":{"2023":52,"2026":33},"pctChange":-36.5,"trendLabel":"Disminuyó","upCount":0,"downCount":4,"flatCount":2,"monthlySalaryCost":19391320.07,"monthlySavings":13736197.34,"trend":"down","center":[-59.3555654,-30.25864076666666],"radiusM":10000,"fillColor":"#F4B7B4","strokeColor":"#D64541"},"geometry":{"type":"Polygon","coordinates":[[[-59.3555654,-30.16870873029421],[-59.36576136595479,-30.16914138276182],[-59.375859405890154,-30.170435184815886],[-59.38576252667154,-30.17257770999584],[-59.395375592337196,-30.175548379121683],[-59.404606231260644,-30.179318656401378],[-59.41336571779535,-30.18385232144334],[-59.42156982021412,-30.189105814660802],[-59.42913960702676,-30.195028652871176],[-59.43600220409886,-30.201563911236402],[-59.44209149539808,-30.208648767064112],[-59.44734876066346,-30.216215100400987],[-59.45172324382421,-30.22419014580312],[-59.45517264658654,-30.232497189169713],[-59.45766354225571,-30.24105630308052],[-59.45917170556421,-30.2497851136886],[-59.45968235502952,-30.258599591893333],[-59.459190305162615,-30.267414861257528],[-59.45770002668468,-30.276146014940416],[-59.45522561377788,-30.284708933799077],[-59.45179065828882,-30.293021097765635],[-59.44742803171252,-30.301002382639382],[-59.44217957670001,-30.308575834541415],[-59.43609571074657,-30.315668414466458],[-59.429234945616486,-30.322211705629204],[-59.42166332693735,-30.32814257664163],[-59.41345379923685,-30.333403793969353],[-59.40468550249206,-30.33794457759581],[-59.395443006999194,-30.34172109436994],[-59.38581549404523,-30.34469688411857],[-59.37589589045869,-30.346843214265704],[-59.36577996562873,-30.348139359407504],[-59.3555654,-30.348572803039115],[-59.34535083437129,-30.348139359407504],[-59.33523490954132,-30.346843214265704],[-59.32531530595479,-30.34469688411857],[-59.315687793000826,-30.34172109436994],[-59.30644529750796,-30.33794457759581],[-59.29767700076317,-30.333403793969353],[-59.28946747306267,-30.32814257664163],[-59.28189585438353,-30.322211705629204],[-59.27503508925345,-30.315668414466458],[-59.26895122330001,-30.308575834541415],[-59.263702768287494,-30.301002382639382],[-59.2593401417112,-30.293021097765635],[-59.255905186222144,-30.284708933799077],[-59.253430773315344,-30.276146014940416],[-59.251940494837406,-30.267414861257528],[-59.2514484449705,-30.258599591893333],[-59.25195909443581,-30.2497851136886],[-59.25346725774431,-30.24105630308052],[-59.25595815341348,-30.232497189169713],[-59.25940755617581,-30.22419014580312],[-59.26378203933656,-30.216215100400987],[-59.26903930460193,-30.208648767064112],[-59.27512859590116,-30.201563911236402],[-59.28199119297326,-30.195028652871176],[-59.289560979785904,-30.189105814660802],[-59.29776508220467,-30.18385232144334],[-59.30652456873938,-30.179318656401378],[-59.315755207662825,-30.175548379121683],[-59.32536827332847,-30.17257770999584],[-59.33527139410986,-30.170435184815886],[-59.34536943404523,-30.16914138276182],[-59.3555654,-30.16870873029421]]]}},{"type":"Feature","properties":{"name":"Zona 4","diameterKm":20,"establishments":6,"completeHistory":6,"observable":{"2023":35,"2024":30,"2025":29,"2026":32},"comparable":{"2023":35,"2026":32},"pctChange":-8.6,"trendLabel":"Disminuyó","upCount":2,"downCount":3,"flatCount":1,"monthlySalaryCost":18152492.06,"monthlySavings":14048422.71,"trend":"down","center":[-58.3808351,-27.8524617],"radiusM":10000,"fillColor":"#F4B7B4","strokeColor":"#D64541"},"geometry":{"type":"Polygon","coordinates":[[[-58.3808351,-27.76252966362754],[-58.39079673861742,-27.762962353307252],[-58.40066267722111,-27.764256265571273],[-58.41033812841756,-27.76639896973449],[-58.419730121607394,-27.769369879755683],[-58.42874839033531,-27.773140450607173],[-58.43730623457502,-27.77767445064049],[-58.44532134991314,-27.782928307421365],[-58.452716615867594,-27.788851523820803],[-58.45942083591506,-27.79538716048935],[-58.46536942220481,-27.802472380214336],[-58.470505018403685,-27.81003904906995],[-58.47477805464534,-27.81801438872383],[-58.478147229143985,-27.826321673765932],[-58.48057991167595,-27.83488096748098],[-58.48205246482749,-27.84360988909941],[-58.482550479649255,-27.852424405237933],[-58.482068923142975,-27.861239637982926],[-58.480612195826616,-27.869970681882215],[-58.47819409847454,-27.878533421995055],[-58.47483770800221,-27.88684534510969],[-58.470575163351036,-27.894826336273415],[-58.46544736312018,-27.902399452892936],[-58.459503577579284,-27.909491668852866],[-58.45280097856844,-27.91603458136663],[-58.44540409163934,-27.921965073615127],[-58.437384175604905,-27.927225926641896],[-58.42881853543229,-27.9317663744555],[-58.419789775126226,-27.93554259683615],[-58.410384997897744,-27.938518144949207],[-58.4006949614863,-27.940664295526595],[-58.390813196994884,-27.941960330082416],[-58.3808351,-27.94239373637245],[-58.37085700300512,-27.941960330082416],[-58.360975238513696,-27.940664295526595],[-58.351285202102254,-27.938518144949207],[-58.34188042487377,-27.93554259683615],[-58.332851664567706,-27.9317663744555],[-58.32428602439509,-27.927225926641896],[-58.316266108360665,-27.921965073615127],[-58.30886922143156,-27.91603458136663],[-58.302166622420714,-27.909491668852866],[-58.29622283687982,-27.902399452892936],[-58.29109503664896,-27.894826336273415],[-58.286832491997785,-27.88684534510969],[-58.28347610152546,-27.878533421995055],[-58.28105800417338,-27.869970681882215],[-58.27960127685702,-27.861239637982926],[-58.27911972035074,-27.852424405237933],[-58.27961773517251,-27.84360988909941],[-58.28109028832405,-27.83488096748098],[-58.28352297085601,-27.826321673765932],[-58.28689214535466,-27.81801438872383],[-58.29116518159632,-27.81003904906995],[-58.29630077779519,-27.802472380214336],[-58.30224936408494,-27.79538716048935],[-58.308953584132404,-27.788851523820803],[-58.31634885008686,-27.782928307421365],[-58.32436396542498,-27.77767445064049],[-58.33292180966469,-27.773140450607173],[-58.341940078392604,-27.769369879755683],[-58.35133207158244,-27.76639896973449],[-58.361007522778884,-27.764256265571273],[-58.37087346138258,-27.762962353307252],[-58.3808351,-27.76252966362754]]]}},{"type":"Feature","properties":{"name":"Zona 5","diameterKm":20,"establishments":6,"completeHistory":6,"observable":{"2023":39,"2024":28,"2025":30,"2026":28},"comparable":{"2023":39,"2026":28},"pctChange":-28.2,"trendLabel":"Disminuyó","upCount":3,"downCount":3,"flatCount":0,"monthlySalaryCost":16869446.51,"monthlySavings":13625407.16,"trend":"down","center":[-59.10784931166668,-29.15380696666666],"radiusM":10000,"fillColor":"#F4B7B4","strokeColor":"#D64541"},"geometry":{"type":"Polygon","coordinates":[[[-59.10784931166668,-29.06387493029421],[-59.11793411822606,-29.0643076000636],[-59.12792205482163,-29.065601453359868],[-59.137717174756915,-29.067744061758358],[-59.147225369345,-29.070714842889174],[-59.15635526566839,-29.074485256666392],[-59.16501909903662,-29.079019077464796],[-59.17313355202575,-29.0842727397244],[-59.18062055225573,-29.090195753778435],[-59.18740802140026,-29.09673118804185],[-59.19343056832758,-29.103816213071052],[-59.19863011973817,-29.111382702416076],[-59.20295648219551,-29.119357884640237],[-59.20636783003555,-29.127665040384144],[-59.20883111428667,-29.136224237905324],[-59.210322388431244,-29.144953100137606],[-59.210827047587735,-29.153767595988562],[-59.21033997848384,-29.162582848333958],[-59.20886561841996,-29.171313950978135],[-59.20641792228227,-29.179876786731572],[-59.203020237548195,-29.1881888387139],[-59.19870508812459,-29.196169987024156],[-59.19351386876421,-29.203743283030796],[-59.18749645270525,-29.210835693721968],[-59.18071071606756,-29.217378808821547],[-59.17322198339971,-29.223309503715953],[-59.16510239960064,-29.228570551649515],[-59.15643023422129,-29.233111179127455],[-59.14728912487786,-29.23688755901189],[-59.1377672671701,-29.23986323640227],[-59.12795655908233,-29.242009483050953],[-59.11795170834763,-29.243305576771082],[-59.10784931166668,-29.243739003039117],[-59.097746914985734,-29.243305576771082],[-59.08774206425104,-29.242009483050953],[-59.07793135616326,-29.23986323640227],[-59.068409498455516,-29.23688755901189],[-59.05926838911207,-29.233111179127455],[-59.05059622373272,-29.228570551649515],[-59.04247663993366,-29.223309503715953],[-59.034987907265815,-29.217378808821547],[-59.02820217062811,-29.210835693721968],[-59.02218475456915,-29.203743283030796],[-59.01699353520877,-29.196169987024156],[-59.01267838578518,-29.1881888387139],[-59.00928070105109,-29.179876786731572],[-59.0068330049134,-29.171313950978135],[-59.00535864484952,-29.162582848333958],[-59.004871575745625,-29.153767595988562],[-59.005376234902116,-29.144953100137606],[-59.00686750904669,-29.136224237905324],[-59.009330793297806,-29.127665040384144],[-59.01274214113785,-29.119357884640237],[-59.01706850359519,-29.111382702416076],[-59.022268055005796,-29.103816213071052],[-59.02829060193311,-29.09673118804185],[-59.03507807107763,-29.090195753778435],[-59.042565071307614,-29.0842727397244],[-59.05067952429675,-29.079019077464796],[-59.05934335766497,-29.074485256666392],[-59.06847325398837,-29.070714842889174],[-59.077981448576445,-29.067744061758358],[-59.08777656851173,-29.065601453359868],[-59.0977645051073,-29.0643076000636],[-59.10784931166668,-29.06387493029421]]]}},{"type":"Feature","properties":{"name":"Zona 6","diameterKm":20,"establishments":6,"completeHistory":6,"observable":{"2023":38,"2024":36,"2025":41,"2026":33},"comparable":{"2023":38,"2026":33},"pctChange":-13.2,"trendLabel":"Disminuyó","upCount":1,"downCount":5,"flatCount":0,"monthlySalaryCost":12873810.24,"monthlySavings":8431594.68,"trend":"down","center":[-58.97561967333333,-30.16429687666667],"radiusM":10000,"fillColor":"#F4B7B4","strokeColor":"#D64541"},"geometry":{"type":"Polygon","coordinates":[[[-58.97561967333332,-30.074364840294212],[-58.98580590321007,-30.07479749425421],[-58.99589429956915,-30.076091300728226],[-59.0057879609351,-30.078233833086294],[-59.01539184132634,-30.08120451187328],[-59.02461365659379,-30.084974800926794],[-59.03336476526079,-30.08950847940384],[-59.04156101568269,-30.094761987202414],[-59.049123551616475,-30.10068484058068],[-59.05597956862922,-30.107220114118594],[-59.06206301417823,-30.11430498454146],[-59.0673152246645,-30.121871331335566],[-59.07168549329216,-30.12984638854007],[-59.07513156315811,-30.138153441600586],[-59.07762004064491,-30.146712562723994],[-59.07912672489309,-30.155441377785657],[-59.07963684988086,-30.1642558575131],[-59.079145236437284,-30.173071125409816],[-59.07765635234933,-30.181802274690668],[-59.07518427959216,-30.190365186381182],[-59.07175258860318,-30.19867734068843],[-59.06739412042844,-30.206658613782547],[-59.062150678485416,-30.21423205223727],[-59.056072632597385,-30.221324617564314],[-59.049218438853764,-30.22786789353986],[-59.041654079725795,-30.233798749360247],[-59.03345242970646,-30.23905995207585],[-59.02469255253867,-30.243600722232728],[-59.015458936833205,-30.247377227198506],[-59.005840677550104,-30.250353007254905],[-58.99593061141206,-30.252499330199285],[-58.98582441482924,-30.253795470905338],[-58.97561967333332,-30.254228913039128],[-58.965414931837415,-30.253795470905338],[-58.9553087352546,-30.252499330199285],[-58.945398669116535,-30.250353007254905],[-58.93578040983344,-30.247377227198506],[-58.92654679412799,-30.243600722232728],[-58.91778691696018,-30.23905995207585],[-58.909585266940844,-30.233798749360247],[-58.90202090781288,-30.22786789353986],[-58.89516671406927,-30.221324617564314],[-58.88908866818122,-30.21423205223727],[-58.883845226238215,-30.206658613782547],[-58.87948675806347,-30.19867734068843],[-58.876055067074496,-30.190365186381182],[-58.873582994317324,-30.181802274690668],[-58.87209411022936,-30.173071125409816],[-58.87160249678578,-30.1642558575131],[-58.87211262177356,-30.155441377785657],[-58.873619306021745,-30.146712562723994],[-58.876107783508544,-30.138153441600586],[-58.87955385337449,-30.12984638854007],[-58.883924122002156,-30.121871331335566],[-58.889176332488425,-30.11430498454146],[-58.895259778037435,-30.107220114118594],[-58.90211579505018,-30.10068484058068],[-58.909678330983965,-30.094761987202414],[-58.917874581405854,-30.08950847940384],[-58.92662569007286,-30.084974800926794],[-58.935847505340305,-30.08120451187328],[-58.94545138573155,-30.078233833086294],[-58.9553450470975,-30.076091300728226],[-58.965433443456575,-30.07479749425421],[-58.97561967333332,-30.074364840294212]]]}},{"type":"Feature","properties":{"name":"Zona 7","diameterKm":20,"establishments":6,"completeHistory":4,"observable":{"2023":43,"2024":34,"2025":25,"2026":35},"comparable":{"2023":29,"2026":20},"pctChange":-31,"trendLabel":"Disminuyó","upCount":1,"downCount":3,"flatCount":0,"monthlySalaryCost":14542411.18,"monthlySavings":13035483.2,"trend":"down","center":[-58.40065093333333,-27.40578211666667],"radiusM":10000,"fillColor":"#F4B7B4","strokeColor":"#D64541"},"geometry":{"type":"Polygon","coordinates":[[[-58.40065093333334,-27.31585008029422],[-58.410572157731494,-27.31628277669769],[-58.420398065948575,-27.317576708875244],[-58.43003425093275,-27.319719445378325],[-58.43938811547031,-27.322690398925808],[-58.44836975612214,-27.32646102282102],[-58.45689282217279,-27.330995083381314],[-58.46487534158215,-27.336249005850828],[-58.4722405062014,-27.342172290580447],[-58.478917408853604,-27.348707995598613],[-58.48484172528273,-27.35579328106903],[-58.48995633444118,-27.363360010541342],[-58.49421187111449,-27.37133540335463],[-58.49756720546779,-27.37964273205575],[-58.4999898447411,-27.38820205825032],[-58.501456253013664,-27.396930999918453],[-58.50195208569855,-27.405745522903516],[-58.501472336210654,-27.414560749025604],[-58.500021393070206,-27.423291773083896],[-58.49761300655072,-27.43185448089726],[-58.494270164849524,-27.440166360492995],[-58.49002488064166,-27.448147298589475],[-58.48491788976482,-27.455720354632483],[-58.47899826466526,-27.46281250483544],[-58.47232294610251,-27.469355348940784],[-58.46495619745356,-27.4752857727613],[-58.4569689867653,-27.48054655997397],[-58.448438302466876,-27.48508694712084],[-58.439446409361494,-27.488863116317976],[-58.43008005215996,-27.49183862077881],[-58.4204296143881,-27.493984738916566],[-58.41058824098824,-27.495280753494885],[-58.40065093333334,-27.495714153039124],[-58.39071362567842,-27.495280753494885],[-58.380872252278564,-27.493984738916566],[-58.37122181450671,-27.49183862077881],[-58.36185545730517,-27.488863116317976],[-58.35286356419979,-27.48508694712084],[-58.344332879901366,-27.48054655997397],[-58.3363456692131,-27.4752857727613],[-58.328978920564154,-27.469355348940784],[-58.322303602001405,-27.46281250483544],[-58.31638397690185,-27.455720354632483],[-58.311276986025,-27.448147298589475],[-58.30703170181714,-27.440166360492995],[-58.30368886011594,-27.43185448089726],[-58.301280473596464,-27.423291773083896],[-58.29982953045601,-27.414560749025604],[-58.299349780968114,-27.405745522903516],[-58.299845613653,-27.396930999918453],[-58.301312021925575,-27.38820205825032],[-58.30373466119888,-27.37964273205575],[-58.307089995552175,-27.37133540335463],[-58.31134553222548,-27.363360010541342],[-58.316460141383935,-27.355793281069033],[-58.32238445781306,-27.348707995598613],[-58.32906136046527,-27.342172290580447],[-58.33642652508451,-27.336249005850828],[-58.34440904449388,-27.330995083381314],[-58.35293211054453,-27.32646102282102],[-58.36191375119636,-27.322690398925808],[-58.37126761573391,-27.319719445378325],[-58.38090380071809,-27.317576708875244],[-58.39072970893517,-27.31628277669769],[-58.40065093333334,-27.31585008029422]]]}},{"type":"Feature","properties":{"name":"Zona 8","diameterKm":20,"establishments":6,"completeHistory":4,"observable":{"2023":42,"2024":36,"2025":46,"2026":40},"comparable":{"2023":28,"2026":25},"pctChange":-10.7,"trendLabel":"Disminuyó","upCount":1,"downCount":2,"flatCount":1,"monthlySalaryCost":20088024.75,"monthlySavings":15449591.57,"trend":"down","center":[-58.61064036666667,-27.41378505],"radiusM":10000,"fillColor":"#F4B7B4","strokeColor":"#D64541"},"geometry":{"type":"Polygon","coordinates":[[[-58.61064036666667,-27.32385301362755],[-58.620562306962434,-27.32428570991104],[-58.63038892427816,-27.325579641733224],[-58.64002580482493,-27.327722377659196],[-58.64938034477507,-27.330693330429938],[-58.658362634259234,-27.334463953378577],[-58.666886316374395,-27.338998012858756],[-58.6748694131929,-27.34425193415604],[-58.68223511103326,-27.350175217666298],[-58.68891249759303,-27.356710921464767],[-58.694837243946786,-27.363796205761947],[-58.69995222487888,-27.37136293415256],[-58.70420807154946,-27.37933832601723],[-58.70756365107745,-27.387645653939256],[-58.70998646826753,-27.396204979554252],[-58.711452985400754,-27.40493392086461],[-58.711948856749686,-27.413748443727517],[-58.71146907526102,-27.42256366996781],[-58.71001802966719,-27.43129469438018],[-58.70760947113591,-27.43985740276995],[-58.70426638943576,-27.44816928314229],[-58.700020799478246,-27.45615022218576],[-58.694913439984035,-27.463723279309757],[-58.68899338690348,-27.47081543068615],[-58.68231758508946,-27.477358276012232],[-58.67495030256315,-27.483288701053844],[-58.66696251252213,-27.488549489440956],[-58.65843120900295,-27.493089877670414],[-58.64943866281762,-27.496866047816596],[-58.64007162502772,-27.499841553056395],[-58.63042048578832,-27.50198767177303],[-58.620578396882514,-27.503283686707835],[-58.61064036666667,-27.503717086372458],[-58.600702336450844,-27.503283686707835],[-58.59086024754504,-27.50198767177303],[-58.58120910830563,-27.499841553056395],[-58.571842070515736,-27.496866047816596],[-58.56284952433041,-27.493089877670414],[-58.55431822081121,-27.488549489440956],[-58.546330430770205,-27.483288701053844],[-58.53896314824389,-27.477358276012232],[-58.53228734642986,-27.47081543068615],[-58.526367293349324,-27.463723279309757],[-58.521259933855106,-27.45615022218576],[-58.5170143438976,-27.44816928314229],[-58.51367126219745,-27.43985740276995],[-58.51126270366616,-27.43129469438018],[-58.50981165807232,-27.42256366996781],[-58.50933187658367,-27.413748443727517],[-58.509827747932604,-27.40493392086461],[-58.51129426506583,-27.396204979554252],[-58.51371708225591,-27.387645653939256],[-58.517072661783885,-27.37933832601723],[-58.521328508454474,-27.37136293415256],[-58.52644348938657,-27.363796205761947],[-58.532368235740314,-27.356710921464767],[-58.53904562230009,-27.350175217666298],[-58.54641132014046,-27.34425193415604],[-58.55439441695895,-27.338998012858756],[-58.562918099074125,-27.334463953378577],[-58.57190038855828,-27.330693330429938],[-58.58125492850843,-27.327722377659196],[-58.590891809055194,-27.325579641733224],[-58.600718426370925,-27.32428570991104],[-58.61064036666667,-27.32385301362755]]]}},{"type":"Feature","properties":{"name":"Zona 9","diameterKm":20,"establishments":5,"completeHistory":4,"observable":{"2023":25,"2024":40,"2025":33,"2026":33},"comparable":{"2023":25,"2026":25},"pctChange":0,"trendLabel":"Sin cambio","upCount":2,"downCount":2,"flatCount":0,"monthlySalaryCost":16838186.6,"monthlySavings":15224428.2,"trend":"flat","center":[-57.95205216000001,-27.8535368],"radiusM":10000,"fillColor":"#FFF0A8","strokeColor":"#D8A900"},"geometry":{"type":"Polygon","coordinates":[[[-57.95205216000001,-27.76360476362755],[-57.962013897017805,-27.76403745329101],[-57.97187993308729,-27.765331365506903],[-57.98155547988885,-27.767474069591962],[-57.99094756591395,-27.770444979507964],[-57.99996592382341,-27.77421555023126],[-58.008523852740424,-27.7787495501183],[-58.01653904744233,-27.784003406740432],[-58.02393438668659,-27.78992662297473],[-58.03063867324537,-27.79646225947809],[-58.036587318626154,-27.803547479044195],[-58.041722965922936,-27.81111414775331],[-58.04599604477113,-27.81908948727871],[-58.04936525296631,-27.8273967722153],[-58.05179795995015,-27.835956065851846],[-58.05327052806182,-27.84468498742182],[-58.05376854819532,-27.853499503543794],[-58.05328698728813,-27.862314736304786],[-58.05183024588747,-27.87104578025202],[-58.04941212489068,-27.879608520442922],[-58.046055701429324,-27.887920443662736],[-58.04179311475224,-27.89590143495471],[-58.03666526385491,-27.903474551720624],[-58.03072141948866,-27.910566767839477],[-58.024018754056215,-27.917109680518568],[-58.0166217937476,-27.92304017293244],[-58.00860179808372,-27.92830102611827],[-58.000036072802345,-27.932841474078494],[-57.99100722273411,-27.936617696587675],[-57.98160235196286,-27.93959324480623],[-57.971912219139135,-27.941739395462022],[-57.962030356306116,-27.94303543006612],[-57.95205216000001,-27.943468836372453],[-57.94207396369391,-27.94303543006612],[-57.93219210086089,-27.941739395462022],[-57.92250196803716,-27.93959324480623],[-57.91309709726591,-27.936617696587675],[-57.90406824719768,-27.932841474078494],[-57.895502521916306,-27.92830102611827],[-57.88748252625242,-27.92304017293244],[-57.88008556594381,-27.917109680518568],[-57.873382900511366,-27.910566767839477],[-57.86743905614511,-27.903474551720624],[-57.86231120524777,-27.89590143495471],[-57.85804861857069,-27.887920443662736],[-57.854692195109344,-27.879608520442922],[-57.85227407411255,-27.87104578025202],[-57.850817332711884,-27.862314736304786],[-57.8503357718047,-27.853499503543794],[-57.85083379193819,-27.84468498742182],[-57.85230636004987,-27.835956065851846],[-57.85473906703371,-27.8273967722153],[-57.85810827522889,-27.81908948727871],[-57.86238135407709,-27.81111414775331],[-57.86751700137386,-27.803547479044195],[-57.87346564675465,-27.79646225947809],[-57.88016993331343,-27.78992662297473],[-57.887565272557694,-27.784003406740432],[-57.895580467259585,-27.7787495501183],[-57.904138396176606,-27.77421555023126],[-57.91315675408606,-27.770444979507964],[-57.922548840111176,-27.767474069591962],[-57.932224386912736,-27.765331365506903],[-57.94209042298221,-27.76403745329101],[-57.95205216000001,-27.76360476362755]]]}},{"type":"Feature","properties":{"name":"Zona 10","diameterKm":20,"establishments":5,"completeHistory":4,"observable":{"2023":23,"2024":16,"2025":21,"2026":21},"comparable":{"2023":19,"2026":16},"pctChange":-15.8,"trendLabel":"Disminuyó","upCount":0,"downCount":2,"flatCount":2,"monthlySalaryCost":13393230.47,"monthlySavings":11151446.01,"trend":"down","center":[-57.70342020400001,-30.299158328],"radiusM":10000,"fillColor":"#F4B7B4","strokeColor":"#D64541"},"geometry":{"type":"Polygon","coordinates":[[[-57.70342020400002,-30.20922629162755],[-57.71362036548575,-30.209658943453356],[-57.72372256109036,-30.2109527436066],[-57.73362975818068,-30.21309526569957],[-57.74324678201995,-30.216065930670595],[-57.75248122328512,-30.21983620288691],[-57.76124432005857,-30.22436986215105],[-57.76945180610329,-30.229623349097825],[-57.7770247175031,-30.235546180785168],[-57.783890150087416,-30.242081432625294],[-57.78998196046466,-30.24916628217627],[-57.795241403956894,-30.25673260972577],[-57.79961770325976,-30.26470765005219],[-57.8030685422434,-30.273014689249834],[-57.80556047995954,-30.281573800058794],[-57.80706928062294,-30.29030260875155],[-57.80758015608903,-30.29911708630141],[-57.807087918146564,-30.307932356296664],[-57.80559703878149,-30.31666351187265],[-57.80312161743665,-30.325226433813988],[-57.79968525518482,-30.33353860193458],[-57.79532083664242,-30.34151989187421],[-57.79007022136749,-30.349093349559343],[-57.78398384739853,-30.35618593576235],[-57.7771202504917,-30.362729233456456],[-57.7695455034902,-30.368660111002338],[-57.76133258110144,-30.3739213346141],[-57.75256065615361,-30.378462124033266],[-57.743314334143044,-30.38223864588566],[-57.73368283355691,-30.38521443980252],[-57.723759120052364,-30.387360773047266],[-57.71363900308516,-30.388656920096693],[-57.70342020400002,-30.389090364372457],[-57.69320140491486,-30.388656920096693],[-57.68308128794766,-30.387360773047266],[-57.67315757444311,-30.38521443980252],[-57.66352607385698,-30.38223864588566],[-57.65427975184641,-30.378462124033266],[-57.64550782689858,-30.3739213346141],[-57.63729490450982,-30.368660111002338],[-57.62972015750832,-30.362729233456456],[-57.62285656060149,-30.35618593576235],[-57.61677018663253,-30.349093349559343],[-57.61151957135761,-30.34151989187421],[-57.60715515281521,-30.33353860193458],[-57.60371879056337,-30.325226433813988],[-57.60124336921853,-30.31666351187265],[-57.59975248985346,-30.307932356296664],[-57.59926025191099,-30.29911708630141],[-57.59977112737708,-30.29030260875155],[-57.60127992804048,-30.281573800058794],[-57.60377186575662,-30.273014689249834],[-57.60722270474026,-30.26470765005219],[-57.61159900404313,-30.25673260972577],[-57.616858447535364,-30.24916628217627],[-57.622950257912606,-30.242081432625294],[-57.62981569049692,-30.235546180785168],[-57.63738860189674,-30.229623349097825],[-57.64559608794145,-30.22436986215105],[-57.6543591847149,-30.21983620288691],[-57.66359362598007,-30.216065930670595],[-57.67321064981934,-30.21309526569957],[-57.68311784690966,-30.2109527436066],[-57.69322004251427,-30.209658943453356],[-57.70342020400002,-30.20922629162755]]]}},{"type":"Feature","properties":{"name":"Zona 11","diameterKm":20,"establishments":5,"completeHistory":5,"observable":{"2023":40,"2024":35,"2025":32,"2026":31},"comparable":{"2023":40,"2026":31},"pctChange":-22.5,"trendLabel":"Disminuyó","upCount":2,"downCount":3,"flatCount":0,"monthlySalaryCost":15061446.68,"monthlySavings":12374935.28,"trend":"down","center":[-59.32307032,-29.63004162],"radiusM":10000,"fillColor":"#F4B7B4","strokeColor":"#D64541"},"geometry":{"type":"Polygon","coordinates":[[[-59.32307031999999,-29.540109583627544],[-59.33320228105005,-29.540542245985506],[-59.3432369241683,-29.541836077331567],[-59.35307785876929,-29.54397865008243],[-59.36263054040461,-29.546949383234686],[-59.37180317251072,-29.55071973854179],[-59.3805075827631,-29.55525349262048],[-59.38866006589065,-29.560507082469513],[-59.396182185075524,-29.566430021199746],[-59.40300152440262,-29.5729653801163],[-59.4090523852267,-29.58005033266755],[-59.41427641979296,-29.587616755186417],[-59.418623195978114,-29.595591878803237],[-59.42205068760854,-29.603898986411124],[-59.424525685460395,-29.612458148118993],[-59.426024124747,-29.621186988239526],[-59.42653132564885,-29.630001476533398],[-59.42604214423587,-29.638816736170558],[-59.424561031963364,-29.647547860678895],[-59.422102002786865,-29.656110732032044],[-59.41868850782812,-29.664422831984165],[-59.414353218427536,-29.672404038792425],[-59.409137719327234,-29.67997740157754],[-59.40309211463505,-29.687069884760366],[-59.396274550112075,-29.69361307527657],[-59.38875065619479,-29.699543845610798],[-59.38059291699614,-29.70480496610378],[-59.371879971318414,-29.70934566046724],[-59.362695852442,-29.713122098987622],[-59.35312917412074,-29.716097824505958],[-59.34327227080378,-29.71824410692063],[-59.33322030061063,-29.71954022266686],[-59.32307031999999,-29.719973656372456],[-59.312920339389365,-29.71954022266686],[-59.302868369196204,-29.71824410692063],[-59.29301146587925,-29.716097824505958],[-59.28344478755799,-29.713122098987622],[-59.274260668681585,-29.70934566046724],[-59.26554772300384,-29.70480496610378],[-59.2573899838052,-29.699543845610798],[-59.24986608988792,-29.69361307527657],[-59.24304852536495,-29.687069884760366],[-59.237002920672765,-29.67997740157754],[-59.23178742157246,-29.672404038792425],[-59.22745213217187,-29.664422831984165],[-59.224038637213134,-29.656110732032044],[-59.221579608036635,-29.647547860678895],[-59.22009849576413,-29.638816736170558],[-59.21960931435114,-29.630001476533398],[-59.220116515253,-29.621186988239526],[-59.2216149545396,-29.612458148118993],[-59.22408995239146,-29.603898986411124],[-59.227517444021885,-29.595591878803237],[-59.23186422020704,-29.587616755186417],[-59.2370882547733,-29.58005033266755],[-59.24313911559737,-29.5729653801163],[-59.249958454924474,-29.566430021199746],[-59.257480574109344,-29.560507082469513],[-59.26563305723689,-29.55525349262048],[-59.27433746748928,-29.55071973854179],[-59.283510099595375,-29.546949383234686],[-59.2930627812307,-29.54397865008243],[-59.3029037158317,-29.541836077331567],[-59.31293835894995,-29.540542245985506],[-59.32307031999999,-29.540109583627544]]]}},{"type":"Feature","properties":{"name":"Zona 12","diameterKm":20,"establishments":4,"completeHistory":4,"observable":{"2023":24,"2024":21,"2025":17,"2026":22},"comparable":{"2023":24,"2026":22},"pctChange":-8.3,"trendLabel":"Disminuyó","upCount":1,"downCount":2,"flatCount":1,"monthlySalaryCost":11535972.93,"monthlySavings":7599669.86,"trend":"down","center":[-57.77951077500001,-27.740664875],"radiusM":10000,"fillColor":"#F4B7B4","strokeColor":"#D64541"},"geometry":{"type":"Polygon","coordinates":[[[-57.77951077500001,-27.650732838627544],[-57.789462210934374,-27.651165529995254],[-57.79931804375747,-27.65245944725854],[-57.808983582096815,-27.65460215954064],[-57.818365949617714,-27.65757308048907],[-57.82737497151138,-27.661343664657142],[-57.835924035937566,-27.66587767988573],[-57.8439309223924,-27.671131553157743],[-57.85131858924357,-27.677054786711487],[-57.85801591301371,-27.683590440539266],[-57.86395837239625,-27.69067567676974],[-57.86908867045491,-27.69824236084331],[-57.87335728898594,-27.70621771384302],[-57.87672296961026,-27.714525009845914],[-57.879153116804034,-27.72308431171516],[-57.88062411877213,-27.731813238367288],[-57.88112158280987,-27.74062775622484],[-57.88064048258332,-27.749442987307344],[-57.87918521557784,-27.758174026225703],[-57.876769569815245,-27.76673675822987],[-57.87341659981081,-27.775048670419142],[-57.86915841262703,-27.78302964826033],[-57.86403586577153,-27.790602749672054],[-57.858098179571634,-27.79769494912358],[-57.85140246752996,-27.80423784446325],[-57.84401318901174,-27.810168319532707],[-57.83600152942632,-27.81542915603663],[-57.82744471383177,-27.819969588619625],[-57.81842526060306,-27.823745797648343],[-57.80903018245006,-27.82672133480233],[-57.79935014264474,-27.82886747723561],[-57.789478574806985,-27.830163506775985],[-57.77951077500001,-27.830596911372457],[-57.76954297519304,-27.830163506775985],[-57.759671407355285,-27.82886747723561],[-57.74999136754996,-27.82672133480233],[-57.74059628939696,-27.823745797648343],[-57.73157683616825,-27.819969588619625],[-57.723020020573706,-27.81542915603663],[-57.71500836098828,-27.810168319532707],[-57.70761908247006,-27.80423784446325],[-57.700923370428384,-27.79769494912358],[-57.6949856842285,-27.790602749672054],[-57.689863137372996,-27.78302964826033],[-57.685604950189216,-27.775048670419142],[-57.68225198018477,-27.76673675822987],[-57.679836334422184,-27.758174026225703],[-57.6783810674167,-27.749442987307344],[-57.67789996719016,-27.74062775622484],[-57.6783974312279,-27.731813238367288],[-57.679868433195985,-27.72308431171516],[-57.68229858038976,-27.714525009845914],[-57.685664261014075,-27.70621771384302],[-57.68993287954512,-27.69824236084331],[-57.69506317760377,-27.69067567676974],[-57.70100563698632,-27.683590440539266],[-57.70770296075646,-27.677054786711487],[-57.715090627607616,-27.671131553157743],[-57.72309751406247,-27.66587767988573],[-57.731646578488636,-27.661343664657142],[-57.74065560038231,-27.65757308048907],[-57.750037967903204,-27.65460215954064],[-57.75970350624255,-27.65245944725854],[-57.76955933906565,-27.651165529995254],[-57.77951077500001,-27.650732838627544]]]}},{"type":"Feature","properties":{"name":"Zona 13","diameterKm":20,"establishments":4,"completeHistory":4,"observable":{"2023":24,"2024":24,"2025":20,"2026":17},"comparable":{"2023":24,"2026":17},"pctChange":-29.2,"trendLabel":"Disminuyó","upCount":0,"downCount":3,"flatCount":1,"monthlySalaryCost":11455215.4,"monthlySavings":7811414.2,"trend":"down","center":[-59.19224255,-30.2630359],"radiusM":10000,"fillColor":"#F4B7B4","strokeColor":"#D64541"},"geometry":{"type":"Polygon","coordinates":[[[-59.19224255000001,-30.173103863627542],[-59.20243897065064,-30.173536516025564],[-59.212537460961784,-30.17483031787351],[-59.22244102351821,-30.176972842718726],[-59.23205451815587,-30.179943511394043],[-59.241285569162855,-30.183713788124688],[-59.25004544696176,-30.188247452540136],[-59.25824991608532,-30.193500945077634],[-59.265820041529125,-30.199423782580684],[-59.27268294590359,-30.20595904023836],[-59.278772510211255,-30.213043895385457],[-59.28403001154494,-30.220610228094788],[-59.28840469153263,-30.228585272946518],[-59.291854249947534,-30.236892315861052],[-59.294345258550166,-30.24545142943552],[-59.29585349093309,-30.254180239835915],[-59.29636416489181,-30.26299471796964],[-59.295872094642256,-30.271809987402264],[-59.294381751042664,-30.28054114129043],[-59.29190722884532,-30.289104060483353],[-59.288472120896735,-30.297416224900367],[-59.28410930011396,-30.305397510323424],[-59.27886061098034,-30.312970962852546],[-59.27277647321752,-30.32006354345835],[-59.265915401189986,-30.326606835329315],[-59.25834344347481,-30.332537707050196],[-59.25013354787046,-30.33779892505932],[-59.24136485791431,-30.34233970931392],[-59.23212194771743,-30.346116226638696],[-59.22249400259842,-30.349092016839318],[-59.21257395359392,-30.351238347322337],[-59.202457574435364,-30.352534492670987],[-59.19224255000001,-30.352967936372444],[-59.18202752556464,-30.352534492670987],[-59.171911146406096,-30.351238347322337],[-59.1619910974016,-30.349092016839318],[-59.15236315228258,-30.346116226638696],[-59.1431202420857,-30.34233970931392],[-59.134351552129544,-30.33779892505932],[-59.126141656525206,-30.332537707050196],[-59.118569698810035,-30.326606835329315],[-59.111708626782494,-30.32006354345835],[-59.10562448901967,-30.312970962852546],[-59.100375799886045,-30.305397510323424],[-59.09601297910327,-30.297416224900367],[-59.09257787115469,-30.289104060483353],[-59.09010334895734,-30.28054114129043],[-59.088613005357765,-30.271809987402264],[-59.08812093510819,-30.26299471796964],[-59.088631609066915,-30.254180239835915],[-59.090139841449854,-30.24545142943552],[-59.09263085005249,-30.236892315861052],[-59.09608040846739,-30.228585272946518],[-59.10045508845507,-30.220610228094788],[-59.10571258978876,-30.213043895385457],[-59.111802154096424,-30.20595904023836],[-59.11866505847089,-30.199423782580684],[-59.126235183914694,-30.193500945077634],[-59.13443965303825,-30.188247452540136],[-59.143199530837165,-30.183713788124688],[-59.15243058184415,-30.179943511394043],[-59.162044076481806,-30.176972842718726],[-59.17194763903822,-30.17483031787351],[-59.182046129349374,-30.173536516025564],[-59.19224255000001,-30.173103863627542]]]}},{"type":"Feature","properties":{"name":"Zona 14","diameterKm":20,"establishments":4,"completeHistory":4,"observable":{"2023":27,"2024":23,"2025":28,"2026":26},"comparable":{"2023":27,"2026":26},"pctChange":-3.7,"trendLabel":"Disminuyó","upCount":2,"downCount":2,"flatCount":0,"monthlySalaryCost":7630000.65,"monthlySavings":5582379.06,"trend":"down","center":[-57.95452905,-30.544996825],"radiusM":10000,"fillColor":"#F4B7B4","strokeColor":"#D64541"},"geometry":{"type":"Polygon","coordinates":[[[-57.95452904999999,-30.455064788627542],[-57.96475485173949,-30.455497436547844],[-57.97488244398638,-30.45679122513424],[-57.98481455271534,-30.458933728442332],[-57.99445576621953,-30.46190436813045],[-58.003713444797654,-30.46567460953503],[-58.01249860486536,-30.470208233639923],[-58.02072676928398,-30.475461682428183],[-58.028318775971066,-30.481384474421393],[-58.03520153719573,-30.487919686554715],[-58.041308742366496,-30.49500449791017],[-58.046581497587646,-30.502570790241947],[-58.05096889579226,-30.510545799681257],[-58.054428511852215,-30.518852813509493],[-58.05692681771527,-30.527411905442538],[-58.0584395133238,-30.5361407024797],[-58.058951769823864,-30.54495517604404],[-58.058458382372635,-30.55377044987907],[-58.056963830690385,-30.562501616974625],[-58.054482246373844,-30.571064557674507],[-58.051037286883506,-30.579376751073188],[-58.04666191702873,-30.58735807183988],[-58.041398099694035,-30.594931564716543],[-58.03529639846586,-30.602024189122595],[-58.028415495722776,-30.60856752656183],[-58.02082163063145,-30.614498443865582],[-58.0125879623358,-30.619759705717623],[-58.00379386442547,-30.62430053038713],[-57.99452415751289,-30.628077083142365],[-57.98486828742369,-30.6310529024242],[-57.974919457104406,-30.63319925451885],[-57.964773720865686,-30.63449541317683],[-57.95452904999999,-30.634928861372448],[-57.9442843791343,-30.63449541317683],[-57.93413864289558,-30.63319925451885],[-57.92418981257629,-30.6310529024242],[-57.91453394248708,-30.628077083142365],[-57.90526423557451,-30.62430053038713],[-57.896470137664174,-30.619759705717623],[-57.88823646936852,-30.614498443865582],[-57.880642604277206,-30.60856752656183],[-57.87376170153412,-30.602024189122595],[-57.867660000305946,-30.594931564716543],[-57.86239618297125,-30.58735807183988],[-57.858020813116475,-30.579376751073188],[-57.85457585362614,-30.571064557674507],[-57.852094269309596,-30.562501616974625],[-57.85059971762735,-30.55377044987907],[-57.850106330176125,-30.54495517604404],[-57.85061858667618,-30.5361407024797],[-57.85213128228471,-30.527411905442538],[-57.854629588147766,-30.518852813509493],[-57.85808920420772,-30.510545799681257],[-57.86247660241233,-30.502570790241947],[-57.867749357633485,-30.49500449791017],[-57.87385656280424,-30.487919686554715],[-57.880739324028916,-30.481384474421393],[-57.88833133071599,-30.475461682428183],[-57.896559495134625,-30.470208233639923],[-57.90534465520233,-30.46567460953503],[-57.91460233378045,-30.46190436813045],[-57.92424354728464,-30.458933728442332],[-57.9341756560136,-30.45679122513424],[-57.94430324826048,-30.455497436547844],[-57.95452904999999,-30.455064788627542]]]}},{"type":"Feature","properties":{"name":"Zona 15","diameterKm":20,"establishments":4,"completeHistory":4,"observable":{"2023":33,"2024":25,"2025":24,"2026":22},"comparable":{"2023":33,"2026":22},"pctChange":-33.3,"trendLabel":"Disminuyó","upCount":0,"downCount":3,"flatCount":1,"monthlySalaryCost":13818874.45,"monthlySavings":8921503.6,"trend":"down","center":[-57.94236644,-28.4408811975],"radiusM":10000,"fillColor":"#F4B7B4","strokeColor":"#D64541"},"geometry":{"type":"Polygon","coordinates":[[[-57.94236644,-28.35094916112754],[-57.95238275608268,-28.351381841865088],[-57.9623028528089,-28.35267572764538],[-57.97203142816756,-28.354818388798588],[-57.98147500635704,-28.3577892409324],[-57.99054282975519,-28.36155974123867],[-57.9991477257191,-28.366093660774176],[-58.00720694014328,-28.371347430192124],[-58.014642929976574,-28.37727055571501],[-58.02138410723678,-28.38380610148058],[-58.02736552746539,-28.390891233765426],[-58.03252951603212,-28.398457822001266],[-58.03682622622837,-28.406433090952675],[-58.04021412367661,-28.414740317926974],[-58.04266039222715,-28.42329956844214],[-58.044141257210825,-28.43202846339174],[-58.044642222660954,-28.440842970421198],[-58.04415821990513,-28.449658211971247],[-58.042693665752616,-28.458389282255663],[-58.040262429357156,-28.466952065323607],[-58.036887707712715,-28.475264046315587],[-58.03260181063097,-28.4832451080565],[-58.027445856946805,-28.490818305241163],[-58.021469384590674,-28.497910608656923],[-58.01472987804575,-28.504453612153604],[-58.00729221756219,-28.5103841954116],[-57.99922805532068,-28.515645135971862],[-57.990615124511045,-28.520185664473257],[-57.98153648801133,-28.52396195758915],[-57.97207973400512,-28.52693756376077],[-57.96233612645454,-28.529083757483804],[-57.95239971884202,-28.53037981861031],[-57.94236644,-28.53081323387245],[-57.932333161157985,-28.53037981861031],[-57.922396753545456,-28.529083757483804],[-57.91265314599487,-28.52693756376077],[-57.90319639198866,-28.52396195758915],[-57.89411775548894,-28.520185664473257],[-57.885504824679316,-28.515645135971862],[-57.877440662437806,-28.5103841954116],[-57.870003001954245,-28.504453612153604],[-57.86326349540932,-28.497910608656923],[-57.85728702305319,-28.490818305241163],[-57.85213106936902,-28.483245108056504],[-57.84784517228728,-28.475264046315587],[-57.84447045064284,-28.466952065323607],[-57.84203921424738,-28.458389282255663],[-57.84057466009487,-28.449658211971247],[-57.84009065733904,-28.440842970421198],[-57.84059162278917,-28.43202846339174],[-57.842072487772846,-28.42329956844214],[-57.84451875632338,-28.414740317926974],[-57.847906653771624,-28.406433090952675],[-57.85220336396788,-28.398457822001266],[-57.8573673525346,-28.390891233765426],[-57.86334877276321,-28.38380610148058],[-57.87008995002343,-28.37727055571501],[-57.87752593985672,-28.371347430192124],[-57.885585154280896,-28.366093660774176],[-57.894190050244795,-28.36155974123867],[-57.90325787364296,-28.3577892409324],[-57.912701451832426,-28.354818388798588],[-57.92243002719109,-28.35267572764538],[-57.93235012391732,-28.351381841865088],[-57.94236644,-28.35094916112754]]]}},{"type":"Feature","properties":{"name":"Zona 16","diameterKm":20,"establishments":4,"completeHistory":4,"observable":{"2023":18,"2024":15,"2025":17,"2026":15},"comparable":{"2023":18,"2026":15},"pctChange":-16.7,"trendLabel":"Disminuyó","upCount":2,"downCount":2,"flatCount":0,"monthlySalaryCost":7819950.54,"monthlySavings":5253230.97,"trend":"down","center":[-59.1648488,-29.48078795],"radiusM":10000,"fillColor":"#F4B7B4","strokeColor":"#D64541"},"geometry":{"type":"Polygon","coordinates":[[[-59.16484880000001,-29.390855913627547],[-59.17496586004083,-29.391288578315727],[-59.18498574371246,-29.392582416563133],[-59.19481220070296,-29.39472500052196],[-59.20435082426881,-29.39769574875913],[-59.213509951722415,-29.40146612244982],[-59.2222015395549,-29.405999897505875],[-59.23034200505738,-29.41125351012158],[-59.23785302657616,-29.417176472534464],[-59.24466229487521,-29.423711855140965],[-59.25070420848371,-29.43079683048021],[-59.25592050637412,-29.438363274010133],[-59.26026083184673,-29.446338416053976],[-59.26368322208683,-29.454645538796623],[-59.2661545185076,-29.463204711764877],[-59.26765069369213,-29.471933558837893],[-59.26815709149776,-29.480748049508087],[-59.267668577678485,-29.489563306852894],[-59.266189599212765,-29.498294424487117],[-59.263734151386465,-29.506857284647477],[-59.2603256525661,-29.51516936951746],[-59.25599672749989,-29.523150557933306],[-59.25078890089049,-29.53072389972245],[-59.24475220388874,-29.537816360112952],[-59.2379446970475,-29.544359526917123],[-59.230431914141754,-29.55029027353198],[-59.22228623209256,-29.555551371211184],[-59.2135861730192,-29.560092044544795],[-59.20441564517329,-29.563868464629113],[-59.1948631301736,-29.566844175015234],[-59.18502082454853,-29.568990446184497],[-59.174983744098014,-29.57028655500535],[-59.16484880000001,-29.570719986372453],[-59.15471385590199,-29.57028655500535],[-59.14467677545147,-29.568990446184497],[-59.13483446982641,-29.566844175015234],[-59.12528195482671,-29.563868464629113],[-59.1161114269808,-29.560092044544795],[-59.107411367907446,-29.555551371211184],[-59.099265685858256,-29.55029027353198],[-59.09175290295249,-29.544359526917123],[-59.08494539611127,-29.537816360112952],[-59.07890869910951,-29.53072389972245],[-59.07370087250012,-29.523150557933306],[-59.06937194743391,-29.51516936951746],[-59.06596344861354,-29.506857284647477],[-59.06350800078724,-29.498294424487117],[-59.06202902232152,-29.489563306852894],[-59.06154050850224,-29.480748049508087],[-59.06204690630788,-29.471933558837893],[-59.06354308149241,-29.463204711764877],[-59.06601437791317,-29.454645538796623],[-59.069436768153274,-29.446338416053976],[-59.073777093625885,-29.438363274010133],[-59.07899339151629,-29.43079683048021],[-59.0850353051248,-29.423711855140965],[-59.09184457342384,-29.417176472534464],[-59.09935559494262,-29.41125351012158],[-59.1074960604451,-29.405999897505875],[-59.11618764827759,-29.40146612244982],[-59.125346775731195,-29.39769574875913],[-59.13488539929704,-29.39472500052196],[-59.14471185628754,-29.392582416563133],[-59.154731739959175,-29.391288578315727],[-59.16484880000001,-29.390855913627547]]]}},{"type":"Feature","properties":{"name":"Zona 17","diameterKm":20,"establishments":4,"completeHistory":4,"observable":{"2023":43,"2024":41,"2025":39,"2026":31},"comparable":{"2023":43,"2026":31},"pctChange":-27.9,"trendLabel":"Disminuyó","upCount":0,"downCount":4,"flatCount":0,"monthlySalaryCost":7318870.58,"monthlySavings":5088445.75,"trend":"down","center":[-58.96370665,-28.9134166],"radiusM":10000,"fillColor":"#F4B7B4","strokeColor":"#D64541"},"geometry":{"type":"Polygon","coordinates":[[[-58.96370665000001,-28.823484563627545],[-58.973768083724664,-28.823917237112013],[-58.98373286951706,-28.82521110141111],[-58.99350528069098,-28.827353727678442],[-59.00299142454224,-28.83032453285909],[-59.01210013813232,-28.834094975945092],[-59.020743858815024,-28.83862883018741],[-59.02883946140511,-28.843882528743418],[-59.03630905416041,-28.849805580553987],[-59.04308072608695,-28.85634105258533],[-59.0490892384805,-28.863426113944207],[-59.05427665408567,-28.870992636785715],[-59.05859289778319,-28.878967848386452],[-59.06199624330508,-28.887275028257967],[-59.06445372112327,-28.895834243729812],[-59.0659414433552,-28.904563117044724],[-59.06644484227745,-28.9133776166827],[-59.06595881982779,-28.922192865372118],[-59.0644878063042,-28.930923957055963],[-59.06204572732707,-28.93948677496424],[-59.058655879012306,-28.947798802901065],[-59.05435071219865,-28.95577992188875],[-59.04917152747487,-28.963353184422445],[-59.043168083649945,-28.970445558777183],[-59.03639812319371,-28.97698863607438],[-59.02892681903571,-28.982919293154946],[-59.02082614793432,-28.988180304718586],[-59.012174196408516,-28.99272089867072],[-59.003054405948006,-28.996497249164456],[-58.99355476487617,-28.99947290243121],[-58.983766954822904,-29.001619131152594],[-58.973785460264864,-29.00291521383241],[-58.96370665000001,-29.00334863637245],[-58.95362783973515,-29.00291521383241],[-58.94364634517712,-29.001619131152594],[-58.93385853512384,-28.99947290243121],[-58.924358894052006,-28.996497249164456],[-58.915239103591496,-28.99272089867072],[-58.90658715206569,-28.988180304718586],[-58.898486480964294,-28.982919293154946],[-58.8910151768063,-28.97698863607438],[-58.88424521635007,-28.970445558777183],[-58.878241772525136,-28.963353184422445],[-58.873062587801364,-28.95577992188875],[-58.86875742098771,-28.947798802901065],[-58.865367572672945,-28.93948677496424],[-58.86292549369581,-28.930923957055963],[-58.86145448017223,-28.922192865372118],[-58.860968457722564,-28.9133776166827],[-58.86147185664481,-28.904563117044724],[-58.86295957887673,-28.895834243729812],[-58.86541705669493,-28.887275028257967],[-58.86882040221682,-28.878967848386452],[-58.87313664591434,-28.870992636785715],[-58.878324061519514,-28.863426113944207],[-58.884332573913056,-28.85634105258533],[-58.89110424583961,-28.849805580553987],[-58.8985738385949,-28.843882528743418],[-58.90666944118499,-28.83862883018741],[-58.915313161867694,-28.834094975945092],[-58.92442187545778,-28.83032453285909],[-58.93390801930903,-28.827353727678442],[-58.943680430482964,-28.82521110141111],[-58.95364521627535,-28.823917237112013],[-58.96370665000001,-28.823484563627545]]]}},{"type":"Feature","properties":{"name":"Zona 18","diameterKm":20,"establishments":4,"completeHistory":4,"observable":{"2023":18,"2024":19,"2025":18,"2026":26},"comparable":{"2023":18,"2026":26},"pctChange":44.4,"trendLabel":"Aumentó","upCount":3,"downCount":1,"flatCount":0,"monthlySalaryCost":7743032.1,"monthlySavings":5793032.1,"trend":"up","center":[-58.853283125,-28.608038675],"radiusM":10000,"fillColor":"#B7E1B0","strokeColor":"#3A8D3A"},"geometry":{"type":"Polygon","coordinates":[[[-58.85328312499999,-28.518106638627543],[-58.863315276975754,-28.51853931680678],[-58.87325105917211,-28.519833195010232],[-58.88299502052408,-28.5219758438585],[-58.89245353890378,-28.524946679431014],[-58.90153571442908,-28.5287171595546],[-58.910154237571234,-28.53325105605997],[-58.91822622398019,-28.538504800483615],[-58.92567400821772,-28.544427900006852],[-58.93242588892692,-28.550963419765097],[-58.93841681837041,-28.558048527033204],[-58.943589029736806,-28.56561509220346],[-58.94789259614463,-28.573590340926476],[-58.951285915861085,-28.581897551287035],[-58.95373611889813,-28.590456789442086],[-58.95521939084539,-28.59918567676105],[-58.95572121054572,-28.60800018118369],[-58.955236499006574,-28.616815425252195],[-58.953769677767184,-28.625546503084795],[-58.95133463579645,-28.634109298441714],[-58.94795460487555,-28.642421295992076],[-58.94366194431234,-28.650402377924962],[-58.938497836733376,-28.65797559815934],[-58.93251189759398,-28.665067926596397],[-58.92576170192778,-28.67161095612364],[-58.91831223271317,-28.677541565419922],[-58.91023525605601,-28.682802531024066],[-58.90160862916379,-28.687343082610806],[-58.892515547806994,-28.69111939596461],[-58.883043740618604,-28.69409501874729],[-58.873284618163005,-28.696241224814674],[-58.86333238520285,-28.6975372935433],[-58.85328312499999,-28.69797071137245],[-58.843233864797135,-28.6975372935433],[-58.83328163183699,-28.696241224814674],[-58.82352250938138,-28.69409501874729],[-58.81405070219299,-28.69111939596461],[-58.8049576208362,-28.687343082610806],[-58.79633099394397,-28.682802531024066],[-58.78825401728681,-28.677541565419922],[-58.7808045480722,-28.67161095612364],[-58.774054352406004,-28.665067926596397],[-58.76806841326661,-28.65797559815934],[-58.76290430568765,-28.650402377924962],[-58.75861164512444,-28.642421295992076],[-58.75523161420354,-28.634109298441714],[-58.752796572232796,-28.625546503084795],[-58.75132975099341,-28.616815425252195],[-58.75084503945426,-28.60800018118369],[-58.75134685915458,-28.59918567676105],[-58.75283013110186,-28.590456789442086],[-58.75528033413889,-28.581897551287035],[-58.75867365385536,-28.573590340926476],[-58.76297722026318,-28.56561509220346],[-58.768149431629574,-28.558048527033204],[-58.77414036107306,-28.550963419765097],[-58.78089224178227,-28.544427900006852],[-58.788340026019796,-28.538504800483615],[-58.796412012428746,-28.53325105605997],[-58.80503053557091,-28.5287171595546],[-58.81411271109621,-28.524946679431014],[-58.8235712294759,-28.5219758438585],[-58.833315190827875,-28.519833195010232],[-58.84325097302423,-28.51853931680678],[-58.85328312499999,-28.518106638627543]]]}},{"type":"Feature","properties":{"name":"Zona 19","diameterKm":20,"establishments":4,"completeHistory":4,"observable":{"2023":23,"2024":21,"2025":30,"2026":28},"comparable":{"2023":23,"2026":28},"pctChange":21.7,"trendLabel":"Aumentó","upCount":3,"downCount":1,"flatCount":0,"monthlySalaryCost":7697252.84,"monthlySavings":6410445.88,"trend":"up","center":[-58.3880237,-28.109988125],"radiusM":10000,"fillColor":"#B7E1B0","strokeColor":"#3A8D3A"},"geometry":{"type":"Polygon","coordinates":[[[-58.388023700000005,-28.020056088627545],[-58.398009065435836,-28.02048877440569],[-58.40789850549968,-28.021782675114544],[-58.41759700948993,-28.023925360512006],[-58.42701138758423,-28.026896245276294],[-58.436051160193976,-28.030666785348146],[-58.44462942220829,-28.03520075025945],[-58.45266367407578,-28.040454568923046],[-58.46007661194488,-28.04637774567224],[-58.46679686942126,-28.052913342679084],[-58.47275970390507,-28.05999852425334],[-58.47790762093725,-28.067565157934094],[-58.48219093051323,-28.075540466740204],[-58.485568229909944,-28.083847726447225],[-58.48800680821573,-28.092407001314246],[-58.48948296844836,-28.101135911297327],[-58.48998226388998,-28.10995042346196],[-58.4894996460537,-28.11876566004912],[-58.488039522519,-28.127496715460843],[-58.48561572372546,-28.13605947431565],[-58.48225137868901,-28.144371422682852],[-58.47797870049321,-28.15235244464006],[-58.47283868330241,-28.15992559641077],[-58.46688071353269,-28.16701785052824],[-58.46016209869184,-28.17356080273833],[-58.452747518250526,-28.17949133469467],[-58.444708401722586,-28.184752225912625],[-58.43612223990274,-28.18929270893056],[-58.4270718359254,-28.193068962173175],[-58.41764450345827,-28.196044535617304],[-58.40793121991992,-28.198190705019226],[-58.39802574310447,-28.199486751167875],[-58.388023700000005,-28.199920161372454],[-58.37802165689553,-28.199486751167875],[-58.36811618008008,-28.198190705019226],[-58.358402896541726,-28.196044535617304],[-58.34897556407459,-28.193068962173175],[-58.33992516009726,-28.18929270893056],[-58.33133899827741,-28.184752225912625],[-58.323299881749485,-28.17949133469467],[-58.31588530130816,-28.17356080273833],[-58.30916668646731,-28.16701785052824],[-58.3032087166976,-28.15992559641077],[-58.298068699506786,-28.15235244464006],[-58.29379602131099,-28.144371422682852],[-58.29043167627454,-28.13605947431565],[-58.28800787748099,-28.127496715460843],[-58.286547753946294,-28.11876566004912],[-58.28606513611002,-28.10995042346196],[-58.28656443155164,-28.101135911297327],[-58.28804059178427,-28.092407001314246],[-58.29047917009006,-28.083847726447225],[-58.29385646948677,-28.075540466740204],[-58.298139779062744,-28.067565157934094],[-58.303287696094934,-28.05999852425334],[-58.309250530578744,-28.052913342679084],[-58.31597078805512,-28.04637774567224],[-58.323383725924224,-28.040454568923046],[-58.33141797779171,-28.03520075025945],[-58.33999623980602,-28.030666785348146],[-58.349036012415766,-28.026896245276294],[-58.358450390510065,-28.023925360512006],[-58.368148894500315,-28.021782675114544],[-58.37803833456416,-28.02048877440569],[-58.388023700000005,-28.020056088627545]]]}},{"type":"Feature","properties":{"name":"Zona 20","diameterKm":20,"establishments":4,"completeHistory":4,"observable":{"2023":34,"2024":22,"2025":15,"2026":16},"comparable":{"2023":34,"2026":16},"pctChange":-52.9,"trendLabel":"Disminuyó","upCount":1,"downCount":3,"flatCount":0,"monthlySalaryCost":7635138.52,"monthlySavings":5585138.52,"trend":"down","center":[-59.51230185,-30.22101395],"radiusM":10000,"fillColor":"#F4B7B4","strokeColor":"#D64541"},"geometry":{"type":"Polygon","coordinates":[[[-59.51230185,-30.131081913627547],[-59.522493927408235,-30.131514566690704],[-59.532588115741945,-30.13280837050857],[-59.542487458474916,-30.13495089855299],[-59.55209685558321,-30.137921571534168],[-59.56132397037847,-30.14169185351227],[-59.570080110831334,-30.146225523915575],[-59.57828107719925,-30.151479022951712],[-59.58584796804542,-30.157401867214922],[-59.592707937073875,-30.163937131634903],[-59.59879489360975,-30.171021993286892],[-59.604050140022515,-30.178588331993968],[-59.6084229399215,-30.18656338210591],[-59.61187101154405,-30.194870429340927],[-59.61436094140624,-30.20342954612998],[-59.61586851398886,-30.212158358515307],[-59.61637895398421,-30.220972837327697],[-59.6158870784265,-30.2297881061063],[-59.61439735686489,-30.238519258032536],[-59.61192387860597,-30.247082174030712],[-59.60849022694548,-30.255394334142675],[-59.60412926121716,-30.263375614315688],[-59.59888280840227,-30.270949060851493],[-59.59280126695603,-30.278041634951116],[-59.58594312640644,-30.28458492005331],[-59.578374407156694,-30.29051578500326],[-59.570168025763,-30.295776996499917],[-59.56140309175492,-30.300317774751242],[-59.55216414280396,-30.304094286813175],[-59.54254032571862,-30.307070072694053],[-59.53262453133973,-30.30921639996688],[-59.52251249192118,-30.310512543338564],[-59.51230185,-30.310945986372456],[-59.502091208078824,-30.310512543338564],[-59.491979168660265,-30.30921639996688],[-59.482063374281374,-30.307070072694053],[-59.47243955719603,-30.304094286813175],[-59.463200608245074,-30.300317774751242],[-59.45443567423699,-30.295776996499917],[-59.446229292843306,-30.29051578500326],[-59.43866057359355,-30.28458492005331],[-59.43180243304396,-30.278041634951116],[-59.42572089159772,-30.270949060851493],[-59.42047443878283,-30.263375614315688],[-59.416113473054516,-30.255394334142675],[-59.41267982139402,-30.247082174030712],[-59.4102063431351,-30.238519258032536],[-59.40871662157349,-30.2297881061063],[-59.40822474601578,-30.220972837327697],[-59.408735186011135,-30.212158358515307],[-59.41024275859375,-30.20342954612998],[-59.41273268845594,-30.194870429340927],[-59.41618076007849,-30.18656338210591],[-59.42055355997748,-30.178588331993968],[-59.42580880639025,-30.171021993286892],[-59.43189576292612,-30.163937131634903],[-59.43875573195457,-30.157401867214922],[-59.44632262280075,-30.151479022951712],[-59.45452358916866,-30.146225523915575],[-59.463279729621526,-30.14169185351227],[-59.47250684441679,-30.137921571534168],[-59.48211624152507,-30.13495089855299],[-59.49201558425805,-30.13280837050857],[-59.502109772591766,-30.131514566690704],[-59.51230185,-30.131081913627547]]]}},{"type":"Feature","properties":{"name":"Zona 21","diameterKm":20,"establishments":3,"completeHistory":3,"observable":{"2023":16,"2024":12,"2025":10,"2026":11},"comparable":{"2023":16,"2026":11},"pctChange":-31.2,"trendLabel":"Disminuyó","upCount":0,"downCount":2,"flatCount":1,"monthlySalaryCost":5659353.64,"monthlySavings":2806788.95,"trend":"down","center":[-58.15447616666666,-28.91039476666667],"radiusM":10000,"fillColor":"#F4B7B4","strokeColor":"#D64541"},"geometry":{"type":"Polygon","coordinates":[[[-58.154476166666655,-28.820462730294214],[-58.164537308398245,-28.820895403825276],[-58.17450180497131,-28.822189268262356],[-58.184273932448185,-28.824331894753783],[-58.193759800822846,-28.82730270023604],[-58.20286824978,-28.831073143689604],[-58.211511719197524,-28.83560699835134],[-58.21960708629176,-28.840860697362544],[-58.22707646157723,-28.84678374964662],[-58.233847936150404,-28.853319222151605],[-58.23985627321133,-28.860404283966098],[-58.24504353720423,-28.867970807227678],[-58.249359654487996,-28.875946019196824],[-58.25276290003641,-28.88425319937092],[-58.25522030531393,-28.892812415067887],[-58.25670798317059,-28.901541288521774],[-58.25721136634725,-28.91035578820724],[-58.25672535697175,-28.919171036850805],[-58.25525438525464,-28.9279021283972],[-58.25281237645078,-28.936464946081678],[-58.24942262603443,-28.944776973716944],[-58.24511758393159,-28.95275809233689],[-58.239938549554694,-28.96033135445081],[-58.23393528028314,-28.967423728349853],[-58.22716551691715,-28.97396680517297],[-58.21969443049208,-28.979897461779313],[-58.211593995665766,-28.985158472886848],[-58.20294229667053,-28.98969906641854],[-58.19382277254591,-28.99347541654369],[-58.18432340902572,-28.996451069507906],[-58.174535885036896,-28.998597298004473],[-58.164554682266974,-28.999893380545824],[-58.154476166666655,-29.00032680303912],[-58.144397651066335,-28.999893380545824],[-58.13441644829643,-28.998597298004473],[-58.1246289243076,-28.996451069507906],[-58.115129560787416,-28.99347541654369],[-58.10601003666278,-28.98969906641854],[-58.09735833766756,-28.985158472886848],[-58.08925790284123,-28.979897461779313],[-58.08178681641618,-28.97396680517297],[-58.07501705305018,-28.967423728349853],[-58.06901378377862,-28.96033135445081],[-58.063834749401735,-28.95275809233689],[-58.05952970729888,-28.944776973716944],[-58.05613995688255,-28.936464946081678],[-58.053697948078685,-28.9279021283972],[-58.052226976361574,-28.919171036850805],[-58.051740966986074,-28.91035578820724],[-58.05224435016273,-28.901541288521774],[-58.05373202801939,-28.892812415067887],[-58.056189433296915,-28.88425319937092],[-58.059592678845334,-28.875946019196824],[-58.06390879612909,-28.867970807227678],[-58.069096060121986,-28.860404283966098],[-58.07510439718292,-28.853319222151605],[-58.0818758717561,-28.84678374964662],[-58.089345247041564,-28.840860697362544],[-58.0974406141358,-28.83560699835134],[-58.10608408355332,-28.831073143689604],[-58.11519253251048,-28.82730270023604],[-58.12467840088514,-28.824331894753783],[-58.13445052836202,-28.822189268262356],[-58.14441502493508,-28.820895403825276],[-58.154476166666655,-28.820462730294214]]]}},{"type":"Feature","properties":{"name":"Zona 22","diameterKm":20,"establishments":3,"completeHistory":3,"observable":{"2023":28,"2024":23,"2025":23,"2026":17},"comparable":{"2023":28,"2026":17},"pctChange":-39.3,"trendLabel":"Disminuyó","upCount":0,"downCount":3,"flatCount":0,"monthlySalaryCost":13736536.37,"monthlySavings":8127622.17,"trend":"down","center":[-58.16839783333333,-27.66523386666667],"radiusM":10000,"fillColor":"#F4B7B4","strokeColor":"#D64541"},"geometry":{"type":"Polygon","coordinates":[[[-58.16839783333334,-27.575301830294215],[-58.17834241853643,-27.57573452279889],[-58.18819146569369,-27.577028443429477],[-58.19785034790626,-27.57917116118014],[-58.20722625213387,-27.58214208948871],[-58.21622906510423,-27.585912682626304],[-58.22477223419029,-27.5904467080898],[-58.23277359523002,-27.595700592469544],[-58.240156159535694,-27.601623837577716],[-58.24684885267779,-27.60815950296322],[-58.252787198032166,-27.61524475031106],[-58.25791393854592,-27.62281144463476],[-58.26217959070581,-27.630786806623608],[-58.26554292527976,-27.639094110009164],[-58.26797137004485,-27.647653417370652],[-58.26944133040922,-27.65638234741319],[-58.26993842457737,-27.665196866428527],[-58.269457630691555,-27.674012096391177],[-58.26800334420228,-27.682743131954535],[-58.26558934456978,-27.691305858496992],[-58.26223867126951,-27.699617763327375],[-58.257983409959444,-27.70759873219506],[-58.25286439055643,-27.715171823363466],[-58.24693079985382,-27.722264011695664],[-58.24023971218291,-27.728806895467642],[-58.23285554246707,-27.734737358966083],[-58.22484942682734,-27.73999818434099],[-58.21629853666511,-27.74453860666537],[-58.207285332857055,-27.748314806700865],[-58.19789676734362,-27.75129033647334],[-58.1882234399639,-27.75343647342114],[-58.1783587188798,-27.754732499583355],[-58.16839783333334,-27.755165903039124],[-58.15843694778687,-27.754732499583355],[-58.14857222670276,-27.75343647342114],[-58.13889889932305,-27.75129033647334],[-58.12951033380962,-27.748314806700865],[-58.12049713000156,-27.74453860666537],[-58.11194623983933,-27.73999818434099],[-58.1039401241996,-27.734737358966083],[-58.09655595448375,-27.728806895467642],[-58.089864866812846,-27.722264011695664],[-58.083931276110235,-27.715171823363466],[-58.078812256707224,-27.70759873219506],[-58.07455699539715,-27.699617763327375],[-58.07120632209688,-27.691305858496992],[-58.06879232246439,-27.682743131954535],[-58.06733803597511,-27.674012096391177],[-58.06685724208929,-27.665196866428527],[-58.06735433625745,-27.65638234741319],[-58.06882429662182,-27.647653417370652],[-58.0712527413869,-27.639094110009164],[-58.074616075960854,-27.630786806623608],[-58.07888172812075,-27.62281144463476],[-58.0840084686345,-27.61524475031106],[-58.08994681398888,-27.60815950296322],[-58.09663950713097,-27.601623837577716],[-58.104022071436646,-27.595700592469544],[-58.11202343247638,-27.5904467080898],[-58.120566601562444,-27.585912682626304],[-58.129569414532796,-27.58214208948871],[-58.1389453187604,-27.57917116118014],[-58.148604200972976,-27.577028443429477],[-58.15845324813023,-27.57573452279889],[-58.16839783333334,-27.575301830294215]]]}},{"type":"Feature","properties":{"name":"Zona 23","diameterKm":20,"establishments":3,"completeHistory":2,"observable":{"2023":9,"2024":16,"2025":10,"2026":10},"comparable":{"2023":9,"2026":8},"pctChange":-11.1,"trendLabel":"Disminuyó","upCount":1,"downCount":1,"flatCount":0,"monthlySalaryCost":7140644.41,"monthlySavings":4893855.46,"trend":"down","center":[-55.88137650666666,-28.24853341666666],"radiusM":10000,"fillColor":"#F4B7B4","strokeColor":"#D64541"},"geometry":{"type":"Polygon","coordinates":[[[-55.88137650666666,-28.1586013802942],[-55.89137476728979,-28.159034063965635],[-55.90127698005797,-28.160327958435122],[-55.91098801290102,-28.162470633699744],[-55.92041455684865,-28.165441504826195],[-55.9294660164745,-28.16921202827811],[-55.93805537520496,-28.173745974224712],[-55.94610002743259,-28.178999772306238],[-55.9535225696466,-28.184922927645566],[-55.96025154313074,-28.19145850323632],[-55.96622212118266,-28.19854366421028],[-55.97137673427616,-28.206110278897565],[-55.97566562711648,-28.214085571046645],[-55.97904734212654,-28.222392817073267],[-55.981489124546464,-28.230952081762663],[-55.98296724502441,-28.2396809854627],[-55.98346723632115,-28.248495495481258],[-55.98298404153725,-28.25731073414278],[-55.98152207209522,-28.266041795770608],[-55.97909517456213,-28.274604564745307],[-55.975726506274015,-28.282916526747968],[-55.97144832061328,-28.29089756533266],[-55.96630166368536,-28.29847073608395],[-55.960335985032,-28.30556301080541],[-55.95360866589514,-28.312105984450454],[-55.946184469397856,-28.318036537848027],[-55.93813491782595,-28.32329744968829],[-55.92953760296617,-28.327837951715736],[-55.920475436173476,-28.33161422162312],[-55.91103584549117,-28.334589808745474],[-55.901309927725016,-28.336735988312228],[-55.89139156386665,-28.338032040720755],[-55.88137650666666,-28.33846545303911],[-55.871361449466676,-28.338032040720755],[-55.86144308560831,-28.336735988312228],[-55.85171716784215,-28.334589808745474],[-55.84227757715985,-28.33161422162312],[-55.833215410367146,-28.327837951715736],[-55.82461809550736,-28.32329744968829],[-55.81656854393547,-28.318036537848027],[-55.809144347438185,-28.312105984450454],[-55.80241702830133,-28.30556301080541],[-55.79645134964797,-28.29847073608395],[-55.79130469272003,-28.29089756533266],[-55.78702650705931,-28.282916526747968],[-55.78365783877119,-28.274604564745307],[-55.7812309412381,-28.266041795770608],[-55.77976897179607,-28.25731073414278],[-55.77928577701218,-28.248495495481258],[-55.779785768308905,-28.2396809854627],[-55.78126388878686,-28.230952081762663],[-55.783705671206775,-28.222392817073267],[-55.78708738621684,-28.214085571046645],[-55.79137627905716,-28.206110278897565],[-55.79653089215067,-28.19854366421028],[-55.80250147020258,-28.19145850323632],[-55.80923044368672,-28.184922927645566],[-55.81665298590073,-28.178999772306238],[-55.82469763812836,-28.173745974224712],[-55.83328699685881,-28.16921202827811],[-55.84233845648466,-28.165441504826195],[-55.851765000432295,-28.162470633699744],[-55.86147603327535,-28.160327958435122],[-55.871378246043534,-28.159034063965635],[-55.88137650666666,-28.1586013802942]]]}},{"type":"Feature","properties":{"name":"Zona 24","diameterKm":20,"establishments":3,"completeHistory":1,"observable":{"2023":7,"2024":30,"2025":24,"2026":18},"comparable":{"2023":7,"2026":5},"pctChange":-28.6,"trendLabel":"Disminuyó","upCount":0,"downCount":1,"flatCount":0,"monthlySalaryCost":7654431.35,"monthlySavings":4494063.61,"trend":"down","center":[-56.78810916666666,-29.37002173333333],"radiusM":10000,"fillColor":"#F4B7B4","strokeColor":"#D64541"},"geometry":{"type":"Polygon","coordinates":[[[-56.78810916666666,-29.280089696960875],[-56.79821524074369,-29.280522363373976],[-56.80822424281873,-29.281816206730028],[-56.81804002599667,-29.283958798985395],[-56.827568285057275,-29.286929558388994],[-56.83671745601354,-29.29069994568789],[-56.845399590326636,-29.295233736272152],[-56.85353119564774,-29.30048736574054],[-56.86103403522923,-29.30641034568414],[-56.86783587848581,-29.31294574582673],[-56.873871195590425,-29.32003073803437],[-56.879081789457295,-29.3275971971173],[-56.88341735899517,-29.33557235280133],[-56.886835988103215,-29.343879486747095],[-56.88930455552931,-29.352438668050507],[-56.89079906141011,-29.361167520269813],[-56.89130486706123,-29.369982012698873],[-56.89081684537866,-29.37879726834665],[-56.88933944004247,-29.38752838089229],[-56.886886632576086,-29.39609123276727],[-56.8834818171987,-29.404403306472865],[-56.879157584309326,-29.412384481274007],[-56.873955414346916,-29.419957807521246],[-56.867925284674584,-29.427050251040168],[-56.86112519302457,-29.433593400291993],[-56.853620601906705,-29.439524129349095],[-56.84548380921283,-29.444785210140925],[-56.83679325103502,-29.44932586790769],[-56.827632743444234,-29.45310227434515],[-56.818090670639,-29.45607797353003],[-56.80825912746159,-29.45822423637516],[-56.798233024782434,-29.45952034006969],[-56.78810916666666,-29.459953769705784],[-56.77798530855089,-29.45952034006969],[-56.76795920587173,-29.45822423637516],[-56.75812766269431,-29.45607797353003],[-56.74858558988909,-29.45310227434515],[-56.7394250822983,-29.44932586790769],[-56.73073452412049,-29.444785210140925],[-56.72259773142662,-29.439524129349095],[-56.71509314030875,-29.433593400291993],[-56.70829304865874,-29.427050251040168],[-56.70226291898639,-29.419957807521246],[-56.69706074902399,-29.412384481274007],[-56.69273651613461,-29.404403306472865],[-56.68933170075723,-29.39609123276727],[-56.686878893290846,-29.38752838089229],[-56.68540148795466,-29.37879726834665],[-56.68491346627208,-29.369982012698873],[-56.685419271923216,-29.361167520269813],[-56.686913777804,-29.352438668050507],[-56.6893823452301,-29.343879486747095],[-56.69280097433814,-29.33557235280133],[-56.69713654387601,-29.3275971971173],[-56.7023471377429,-29.32003073803437],[-56.7083824548475,-29.31294574582673],[-56.71518429810409,-29.30641034568414],[-56.72268713768557,-29.30048736574054],[-56.73081874300668,-29.295233736272152],[-56.73950087731977,-29.29069994568789],[-56.74865004827604,-29.286929558388994],[-56.758178307336635,-29.283958798985395],[-56.76799409051459,-29.281816206730028],[-56.77800309258962,-29.280522363373976],[-56.78810916666666,-29.280089696960875]]]}},{"type":"Feature","properties":{"name":"Zona 25","diameterKm":20,"establishments":3,"completeHistory":3,"observable":{"2023":17,"2024":13,"2025":14,"2026":17},"comparable":{"2023":17,"2026":17},"pctChange":0,"trendLabel":"Sin cambio","upCount":2,"downCount":1,"flatCount":0,"monthlySalaryCost":8156190.02,"monthlySavings":4260170.35,"trend":"flat","center":[-58.70158230000001,-27.66499226666666],"radiusM":10000,"fillColor":"#FFF0A8","strokeColor":"#D8A900"},"geometry":{"type":"Polygon","coordinates":[[[-58.70158230000001,-27.575060230294206],[-58.71152686330356,-27.575492922802514],[-58.72137588876926,-27.576786843443887],[-58.731034749704364,-27.57892956121205],[-58.74041063327092,-27.581900489544182],[-58.74941342639337,-27.585671082710476],[-58.75795657663394,-27.590205108206735],[-58.765957920010685,-27.59545899262203],[-58.77334046800516,-27.60138223776719],[-58.780033146344614,-27.60791790318968],[-58.78597147854774,-27.615003150573106],[-58.79109820768914,-27.622569844929615],[-58.79536385036646,-27.630545206947236],[-58.7987271774408,-27.638852510356415],[-58.801155616763715,-27.647411817735485],[-58.80262557379838,-27.65614074778887],[-58.80312266678412,-27.664955266807922],[-58.802641873877526,-27.673770496766984],[-58.801187590522616,-27.682501532319606],[-58.79877359615222,-27.69106425884458],[-58.79542293019373,-27.69937616365141],[-58.791167678236725,-27.70735713249037],[-58.786048670109835,-27.714930223625995],[-58.7801150924992,-27.722022411922605],[-58.77342401961093,-27.72856529565755],[-58.7660398662263,-27.734495759118964],[-58.75803376830881,-27.73975658445824],[-58.749482897088306,-27.74429700674979],[-58.74046971325769,-27.748073206756498],[-58.73108116856313,-27.75104873650535],[-58.721407862640916,-27.753194873435593],[-58.71154316344375,-27.754490899586994],[-58.70158230000001,-27.75492430303911],[-58.69162143655628,-27.754490899586994],[-58.6817567373591,-27.753194873435593],[-58.6720834314369,-27.75104873650535],[-58.662694886742344,-27.748073206756498],[-58.653681702911726,-27.74429700674979],[-58.64513083169122,-27.73975658445824],[-58.63712473377373,-27.734495759118964],[-58.629740580389104,-27.72856529565755],[-58.62304950750083,-27.722022411922605],[-58.6171159298902,-27.714930223625995],[-58.61199692176331,-27.70735713249037],[-58.6077416698063,-27.69937616365141],[-58.60439100384781,-27.69106425884458],[-58.601977009477416,-27.682501532319606],[-58.6005227261225,-27.673770496766984],[-58.6000419332159,-27.664955266807922],[-58.60053902620165,-27.65614074778887],[-58.60200898323632,-27.647411817735485],[-58.60443742255923,-27.638852510356415],[-58.60780074963357,-27.630545206947236],[-58.61206639231089,-27.622569844929615],[-58.617193121452296,-27.615003150573106],[-58.62313145365542,-27.60791790318968],[-58.62982413199487,-27.60138223776719],[-58.63720667998935,-27.59545899262203],[-58.645208023366095,-27.590205108206735],[-58.65375117360666,-27.585671082710476],[-58.662753966729106,-27.581900489544182],[-58.67212985029567,-27.57892956121205],[-58.68178871123077,-27.576786843443887],[-58.69163773669647,-27.575492922802514],[-58.70158230000001,-27.575060230294206]]]}},{"type":"Feature","properties":{"name":"Zona 26","diameterKm":20,"establishments":3,"completeHistory":3,"observable":{"2023":27,"2024":24,"2025":25,"2026":22},"comparable":{"2023":27,"2026":22},"pctChange":-18.5,"trendLabel":"Disminuyó","upCount":0,"downCount":2,"flatCount":1,"monthlySalaryCost":10812022.87,"monthlySavings":8564748.22,"trend":"down","center":[-58.12461643333334,-27.4962941],"radiusM":10000,"fillColor":"#F4B7B4","strokeColor":"#D64541"},"geometry":{"type":"Polygon","coordinates":[[[-58.12461643333334,-27.406362063627547],[-58.13454577175454,-27.406794758672973],[-58.14437971693446,-27.40808868682843],[-58.154023785461845,-27.410231416799586],[-58.163385305159906,-27.41320236155573],[-58.172374299707954,-27.416972974737313],[-58.18090434826027,-27.421507023072547],[-58.188893412046475,-27.42676093227448],[-58.1962646202104,-27.43268420320301],[-58.20294700748236,-27.43921989441619],[-58.208876196683086,-27.446305166607644],[-58.213995019524916,-27.453871883836907],[-58.21825406970312,-27.461847265913374],[-58.22161218285757,-27.47015458579655],[-58.22403683862667,-27.4787139054312],[-58.22550448070967,-27.487442843049948],[-58.22600075159422,-27.496257364652347],[-58.22552063938894,-27.505072592112274],[-58.22406853501965,-27.513803620178116],[-58.221658198895994,-27.522366334515315],[-58.2183126370247,-27.530678222900907],[-58.214063887429276,-27.53865917171572],[-58.20895271862356,-27.546232239993728],[-58.20302824277002,-27.553324403477962],[-58.19634744702213,-27.559867261400072],[-58.18897464739433,-27.565797699041287],[-58.18098087031197,-27.571058499546687],[-58.17244316775764,-27.57559889894663],[-58.16344387263878,-27.57937507888542],[-58.15406980164561,-27.582350592162832],[-58.14441141343868,-27.58449671685252],[-58.13456193049401,-27.58579273546575],[-58.12461643333334,-27.586226136372456],[-58.11467093617265,-27.58579273546575],[-58.10482145322798,-27.58449671685252],[-58.095163065021055,-27.582350592162832],[-58.08578899402788,-27.57937507888542],[-58.07678969890902,-27.57559889894663],[-58.06825199635469,-27.571058499546687],[-58.060258219272335,-27.565797699041287],[-58.05288541964453,-27.559867261400072],[-58.04620462389664,-27.553324403477962],[-58.0402801480431,-27.546232239993728],[-58.03516897923739,-27.53865917171572],[-58.03092022964196,-27.530678222900907],[-58.027574667770665,-27.522366334515315],[-58.02516433164701,-27.513803620178116],[-58.02371222727772,-27.505072592112274],[-58.02323211507244,-27.496257364652347],[-58.02372838595699,-27.487442843049948],[-58.02519602803999,-27.4787139054312],[-58.02762068380909,-27.47015458579655],[-58.03097879696354,-27.461847265913374],[-58.035237847141744,-27.453871883836907],[-58.040356669983574,-27.446305166607644],[-58.0462858591843,-27.43921989441619],[-58.05296824645626,-27.43268420320301],[-58.060339454620184,-27.42676093227448],[-58.06832851840639,-27.421507023072547],[-58.076858566958705,-27.416972974737313],[-58.08584756150675,-27.41320236155573],[-58.095209081204814,-27.410231416799586],[-58.1048531497322,-27.40808868682843],[-58.11468709491212,-27.406794758672973],[-58.12461643333334,-27.406362063627547]]]}},{"type":"Feature","properties":{"name":"Zona 27","diameterKm":20,"establishments":3,"completeHistory":3,"observable":{"2023":17,"2024":14,"2025":15,"2026":13},"comparable":{"2023":17,"2026":13},"pctChange":-23.5,"trendLabel":"Disminuyó","upCount":0,"downCount":3,"flatCount":0,"monthlySalaryCost":6803384.88,"monthlySavings":5203384.88,"trend":"down","center":[-57.5479362,-27.69481903333334],"radiusM":10000,"fillColor":"#F4B7B4","strokeColor":"#D64541"},"geometry":{"type":"Polygon","coordinates":[[[-57.5479362,-27.60488699696089],[-57.55788346898268,-27.605319689019808],[-57.56773517443019,-27.606613608330242],[-57.577396664186175,-27.608756323936955],[-57.58677510041482,-27.611727249359983],[-57.59578034573693,-27.61549783898106],[-57.60432582432868,-27.620031860431958],[-57.61232934995611,-27.625285740456906],[-57.61971391319044,-27.63120898103517],[-57.6264084203876,-27.637744641889455],[-57.63234837741903,-27.64482988487873],[-57.63747651160741,-27.652396575183868],[-57.6417433258494,-27.660371933648527],[-57.64510757949442,-27.668679234139713],[-57.64753669119133,-27.67723853934797],[-57.649007059608714,-27.685967468061307],[-57.64950429867727,-27.694781986622743],[-57.64902338478558,-27.70359721702444],[-57.647568714181126,-27.712328253903127],[-57.645154069678064,-27.72089098258686],[-57.64180249664359,-27.7292028903023],[-57.637546089120825,-27.737183862688052],[-57.63242568783525,-27.744756957872355],[-57.62649049271712,-27.751849150563885],[-57.61979759344315,-27.758392038870976],[-57.61241142234682,-27.764322506905835],[-57.604403134857954,-27.769583336643866],[-57.59584992339807,-27.774123762990136],[-57.586834271368915,-27.77789996655142],[-57.57744315451754,-27.78087549921781],[-57.56776719753305,-27.783021638316193],[-57.55789979422072,-27.784317665802817],[-57.5479362,-27.7847510697058],[-57.537972605779274,-27.784317665802817],[-57.528105202466946,-27.783021638316193],[-57.51842924548246,-27.78087549921781],[-57.50903812863108,-27.77789996655142],[-57.50002247660193,-27.774123762990136],[-57.49146926514204,-27.769583336643866],[-57.48346097765317,-27.764322506905835],[-57.476074806556845,-27.758392038870976],[-57.46938190728287,-27.751849150563885],[-57.46344671216474,-27.744756957872355],[-57.458326310879166,-27.737183862688052],[-57.454069903356405,-27.729202890302297],[-57.45071833032193,-27.72089098258686],[-57.448303685818864,-27.712328253903127],[-57.44684901521442,-27.70359721702444],[-57.44636810132272,-27.694781986622743],[-57.44686534039128,-27.685967468061307],[-57.44833570880867,-27.67723853934797],[-57.450764820505576,-27.668679234139713],[-57.45412907415061,-27.660371933648527],[-57.45839588839259,-27.652396575183868],[-57.46352402258096,-27.64482988487873],[-57.4694639796124,-27.637744641889455],[-57.47615848680955,-27.63120898103517],[-57.48354305004388,-27.625285740456906],[-57.49154657567132,-27.620031860431958],[-57.500092054263064,-27.61549783898106],[-57.50909729958517,-27.611727249359983],[-57.518475735813816,-27.608756323936955],[-57.52813722556981,-27.606613608330242],[-57.53798893101732,-27.605319689019808],[-57.5479362,-27.60488699696089]]]}},{"type":"Feature","properties":{"name":"Zona 28","diameterKm":20,"establishments":3,"completeHistory":3,"observable":{"2023":11,"2024":12,"2025":10,"2026":9},"comparable":{"2023":11,"2026":9},"pctChange":-18.2,"trendLabel":"Disminuyó","upCount":0,"downCount":1,"flatCount":2,"monthlySalaryCost":9145388.07,"monthlySavings":5821031.78,"trend":"down","center":[-58.6806418,-28.03631373333333],"radiusM":10000,"fillColor":"#F4B7B4","strokeColor":"#D64541"},"geometry":{"type":"Polygon","coordinates":[[[-58.680641800000004,-27.946381696960877],[-58.69062034542648,-27.946814383857095],[-58.70050303025869,-27.94810828787733],[-58.71019490798334,-27.95025097865252],[-58.71960285179215,-27.953221870654712],[-58.72863644336002,-27.956992419547134],[-58.73720883652588,-27.96152639452341],[-58.745237587828925,-27.96678022411035],[-58.75264544612519,-27.972703412222206],[-58.75936109384779,-27.979239020595013],[-58.7653198328774,-27.98632421310223],[-58.77046420845714,-27.993890856863167],[-58.774744565114034,-28.001866174509445],[-58.77811952913732,-28.010173441476862],[-58.78055641280709,-28.01873272174528],[-58.78203153626214,-28.027461635062807],[-58.78253046363948,-28.03627614836632],[-58.78204815090291,-28.045091383852498],[-58.78058900360085,-28.053822435965134],[-58.7781668436448,-28.062385189449056],[-58.77480478507387,-28.070697130579596],[-58.770535019659405,-28.078678143712253],[-58.76539851409594,-28.086251285409595],[-58.759444621414126,-28.093343528592133],[-58.752730610125376,-28.099886469426306],[-58.745321115458175,-28.105816990003426],[-58.737287517860686,-28.11107787027677],[-58.72870725471418,-28.115618343206048],[-58.719663071916386,-28.119394587604408],[-58.710242222642705,-28.122370153789294],[-58.700535621168704,-28.124516317796584],[-58.690636960130156,-28.12581236062302],[-58.680641800000004,-28.126245769705786],[-58.670646639869844,-28.12581236062302],[-58.660747978831296,-28.124516317796584],[-58.651041377357295,-28.122370153789294],[-58.641620528083614,-28.119394587604408],[-58.63257634528582,-28.115618343206048],[-58.623996082139314,-28.11107787027677],[-58.615962484541825,-28.105816990003426],[-58.608552989874624,-28.099886469426306],[-58.601838978585874,-28.093343528592133],[-58.59588508590406,-28.086251285409595],[-58.590748580340595,-28.078678143712253],[-58.58647881492613,-28.070697130579596],[-58.5831167563552,-28.062385189449056],[-58.58069459639915,-28.053822435965134],[-58.57923544909709,-28.045091383852498],[-58.57875313636052,-28.03627614836632],[-58.57925206373786,-28.027461635062807],[-58.58072718719291,-28.01873272174528],[-58.58316407086268,-28.010173441476862],[-58.586539034885966,-28.001866174509445],[-58.59081939154286,-27.993890856863167],[-58.595963767122605,-27.98632421310223],[-58.60192250615221,-27.979239020595013],[-58.60863815387481,-27.972703412222206],[-58.616046012171076,-27.96678022411035],[-58.62407476347412,-27.96152639452341],[-58.632647156639976,-27.956992419547134],[-58.64168074820785,-27.953221870654712],[-58.65108869201666,-27.95025097865252],[-58.66078056974131,-27.94810828787733],[-58.67066325457352,-27.946814383857095],[-58.680641800000004,-27.946381696960877]]]}},{"type":"Feature","properties":{"name":"Zona 29","diameterKm":20,"establishments":3,"completeHistory":3,"observable":{"2023":21,"2024":20,"2025":20,"2026":19},"comparable":{"2023":21,"2026":19},"pctChange":-9.5,"trendLabel":"Disminuyó","upCount":1,"downCount":1,"flatCount":1,"monthlySalaryCost":9605842.92,"monthlySavings":6162150.49,"trend":"down","center":[-58.04155289,-27.95101311],"radiusM":10000,"fillColor":"#F4B7B4","strokeColor":"#D64541"},"geometry":{"type":"Polygon","coordinates":[[[-58.04155289000001,-27.861081073627542],[-58.051523571387584,-27.86151376181638],[-58.061398466873996,-27.862807669664907],[-58.071082703959576,-27.864950366657297],[-58.080483228495616,-27.867921267027256],[-58.089509692798224,-27.871691826117143],[-58.09807531867987,-27.876225812729558],[-58.106097727356484,-27.881479654944982],[-58.11349972846033,-27.887402856193194],[-58.120210060726656,-27.893938477706158],[-58.12616407732632,-27.90102368285295],[-58.131304369282894,-27.908590338267533],[-58.135581320942016,-27.916565666133867],[-58.13895359204751,-27.92487294149496],[-58.1413885216226,-27.93343222800785],[-58.14286244954932,-27.94216114518025],[-58.14336095248246,-27.950975659800346],[-58.14287899151923,-27.959790894013597],[-58.141420969867355,-27.96852194231211],[-58.13900069960584,-27.97708468958671],[-58.13564127750543,-27.985396622350933],[-58.131374870763594,-27.993377625281525],[-58.12624241440051,-28.000950755333065],[-58.1202932229511,-28.008042985873775],[-58.11358451996091,-28.014585913556314],[-58.10618088964339,-28.020516420977973],[-58.0981536558695,-28.02577728859835],[-58.08958019442975,-28.030317749864206],[-58.0805431852223,-28.034093984037806],[-58.07112981166874,-28.037069541830345],[-58.061430915234205,-28.039215699600945],[-58.051540113419975,-28.0405117385866],[-58.04155289000001,-28.040945146372454],[-58.031565666580036,-28.0405117385866],[-58.02167486476581,-28.039215699600945],[-58.01197596833128,-28.037069541830345],[-58.00256259477772,-28.034093984037806],[-57.993525585570254,-28.030317749864206],[-57.9849521241305,-28.02577728859835],[-57.97692489035662,-28.020516420977973],[-57.96952126003911,-28.014585913556314],[-57.96281255704891,-28.008042985873775],[-57.9568633655995,-28.000950755333065],[-57.951730909236424,-27.993377625281525],[-57.947464502494576,-27.985396622350933],[-57.94410508039417,-27.97708468958671],[-57.94168481013266,-27.96852194231211],[-57.94022678848078,-27.959790894013597],[-57.93974482751755,-27.950975659800346],[-57.94024333045069,-27.94216114518025],[-57.941717258377416,-27.93343222800785],[-57.944152187952504,-27.92487294149496],[-57.947524459057995,-27.916565666133867],[-57.95180141071712,-27.908590338267533],[-57.95694170267368,-27.90102368285295],[-57.96289571927335,-27.893938477706158],[-57.96960605153968,-27.887402856193194],[-57.97700805264353,-27.881479654944982],[-57.98503046132014,-27.876225812729558],[-57.99359608720179,-27.871691826117146],[-58.002622551504395,-27.867921267027256],[-58.012023076040435,-27.864950366657297],[-58.021707313126015,-27.862807669664907],[-58.031582208612434,-27.86151376181638],[-58.04155289000001,-27.861081073627542]]]}},{"type":"Feature","properties":{"name":"Zona 30","diameterKm":20,"establishments":3,"completeHistory":3,"observable":{"2023":22,"2024":22,"2025":25,"2026":24},"comparable":{"2023":22,"2026":24},"pctChange":9.1,"trendLabel":"Aumentó","upCount":1,"downCount":2,"flatCount":0,"monthlySalaryCost":6971123.84,"monthlySavings":5207305.44,"trend":"up","center":[-58.54562143333334,-28.3292943],"radiusM":10000,"fillColor":"#B7E1B0","strokeColor":"#3A8D3A"},"geometry":{"type":"Polygon","coordinates":[[[-58.54562143333333,-28.239362263627545],[-58.555627253219164,-28.239794946068418],[-58.56553695344829,-28.241088836893397],[-58.575255330802136,-28.243231506239272],[-58.584689006463805,-28.24620236939965],[-58.59374731710103,-28.249972883143602],[-58.602343180799146,-28.25450681801262],[-58.610393929779406,-28.259760604071808],[-58.617822102109855,-28.26568374690526],[-58.62455618495449,-28.27221930998648],[-58.63053130230987,-28.279304458927417],[-58.63568984064561,-28.286871062520234],[-58.639982006394284,-28.29484634493958],[-58.64336630982421,-28.303153582975145],[-58.645809970472776,-28.31171284171952],[-58.647289240014395,-28.320441741749427],[-58.6477896391817,-28.329256250514316],[-58.64730610614545,-28.33807149038742],[-58.6458430545826,-28.34680255564611],[-58.643414340515804,-28.35536533053195],[-58.64004313788392,-28.363677300499294],[-58.635761723694046,-28.371658348796377],[-58.63061117450071,-28.379231530634573],[-58.624640976851005,-28.386323817391222],[-58.61790855521068,-28.392866803556874],[-58.610478721740364,-28.398797369478725],[-58.602423053109064,-28.404058293364933],[-58.59381920030504,-28.40859880649627],[-58.58475013812184,-28.412375086137917],[-58.57530336164929,-28.41535068125004],[-58.56557003767719,-28.417496866754316],[-58.555644119414666,-28.4187929228194],[-58.54562143333333,-28.419226336372454],[-58.535598747252,-28.4187929228194],[-58.52567282898948,-28.417496866754316],[-58.51593950501737,-28.41535068125004],[-58.50649272854483,-28.412375086137917],[-58.49742366636163,-28.40859880649627],[-58.488819813557605,-28.404058293364933],[-58.480764144926304,-28.398797369478725],[-58.473334311455986,-28.392866803556874],[-58.466601889815664,-28.386323817391222],[-58.46063169216596,-28.379231530634573],[-58.45548114297262,-28.371658348796377],[-58.45119972878274,-28.363677300499294],[-58.44782852615087,-28.35536533053195],[-58.44539981208407,-28.34680255564611],[-58.44393676052122,-28.33807149038742],[-58.443453227484966,-28.329256250514316],[-58.443953626652274,-28.320441741749427],[-58.44543289619389,-28.31171284171952],[-58.44787655684246,-28.303153582975145],[-58.45126086027238,-28.29484634493958],[-58.45555302602106,-28.286871062520234],[-58.46071156435679,-28.279304458927417],[-58.466686681712176,-28.27221930998648],[-58.47342076455681,-28.26568374690526],[-58.48084893688726,-28.259760604071808],[-58.48889968586752,-28.25450681801262],[-58.49749554956564,-28.249972883143602],[-58.506553860202864,-28.24620236939965],[-58.51598753586453,-28.243231506239272],[-58.52570591321838,-28.241088836893397],[-58.535615613447504,-28.239794946068418],[-58.54562143333333,-28.239362263627545]]]}},{"type":"Feature","properties":{"name":"Zona 31","diameterKm":20,"establishments":3,"completeHistory":3,"observable":{"2023":14,"2024":13,"2025":16,"2026":14},"comparable":{"2023":14,"2026":14},"pctChange":0,"trendLabel":"Sin cambio","upCount":1,"downCount":2,"flatCount":0,"monthlySalaryCost":8238814,"monthlySavings":4334341.15,"trend":"flat","center":[-59.13757560666667,-29.36065368666667],"radiusM":10000,"fillColor":"#FFF0A8","strokeColor":"#D8A900"},"geometry":{"type":"Polygon","coordinates":[[[-59.13757560666667,-29.270721650294213],[-59.147680754431995,-29.27115431685303],[-59.15768883899526,-29.272448160640636],[-59.167503722181195,-29.274590753596854],[-59.17703110732969,-29.27756151394374],[-59.186179438775916,-29.2813319023922],[-59.19486077598866,-29.285865694288198],[-59.20299163423804,-29.29111932518023],[-59.21049378393551,-29.297042306604748],[-59.21729500112744,-29.303577708228698],[-59.22332976202763,-29.31066270186129],[-59.228539874941795,-29.318229162258064],[-59.23287504346748,-29.326204319094344],[-59.236293355442754,-29.33451145398649],[-59.238761692763546,-29.34307063599402],[-59.24025605788984,-29.35179948864804],[-59.240761813609396,-29.36061398122568],[-59.24027383342047,-29.3694292367301],[-59.23879656072513,-29.378160348845867],[-59.23634397588646,-29.386723200020935],[-59.23293947108768,-29.395035272783417],[-59.228615633831616,-29.40301644643445],[-59.223413940825054,-29.41058977136879],[-59.21738436489584,-29.41768221346248],[-59.21058489847938,-29.424225361231574],[-59.20308099807658,-29.430156088805482],[-59.19494495491567,-29.43541716817076],[-59.18625519783506,-29.439957824622514],[-59.177095535133176,-29.443734229907157],[-59.16755434279423,-29.446709928145825],[-59.15772370708646,-29.448856190287763],[-59.14769853003278,-29.45015229354926],[-59.13757560666667,-29.45058572303912],[-59.127452683300575,-29.45015229354926],[-59.11742750624688,-29.448856190287763],[-59.10759687053912,-29.446709928145825],[-59.09805567820016,-29.443734229907157],[-59.08889601549829,-29.439957824622514],[-59.080206258417675,-29.43541716817076],[-59.07207021525677,-29.430156088805482],[-59.06456631485396,-29.424225361231574],[-59.057766848437495,-29.41768221346248],[-59.0517372725083,-29.41058977136879],[-59.046535579501736,-29.40301644643445],[-59.042211742245655,-29.395035272783417],[-59.03880723744689,-29.386723200020935],[-59.036354652608225,-29.378160348845867],[-59.03487737991288,-29.3694292367301],[-59.034389399723956,-29.36061398122568],[-59.034895155443515,-29.35179948864804],[-59.036389520569806,-29.34307063599402],[-59.0388578578906,-29.33451145398649],[-59.042276169865865,-29.326204319094344],[-59.04661133839156,-29.318229162258064],[-59.05182145130571,-29.31066270186129],[-59.057856212205905,-29.303577708228698],[-59.06465742939784,-29.297042306604748],[-59.072159579095306,-29.29111932518023],[-59.08029043734469,-29.285865694288198],[-59.088971774557436,-29.2813319023922],[-59.09812010600366,-29.27756151394374],[-59.10764749115215,-29.274590753596854],[-59.11746237433808,-29.272448160640636],[-59.12747045890136,-29.27115431685303],[-59.13757560666667,-29.270721650294213]]]}},{"type":"Feature","properties":{"name":"Zona 32","diameterKm":20,"establishments":3,"completeHistory":3,"observable":{"2023":18,"2024":19,"2025":14,"2026":13},"comparable":{"2023":18,"2026":13},"pctChange":-27.8,"trendLabel":"Disminuyó","upCount":1,"downCount":2,"flatCount":0,"monthlySalaryCost":9910197.83,"monthlySavings":8253209.85,"trend":"down","center":[-57.99376727999999,-28.28077952333334],"radiusM":10000,"fillColor":"#F4B7B4","strokeColor":"#D64541"},"geometry":{"type":"Polygon","coordinates":[[[-57.99376728,-28.190847486960884],[-58.00376855512316,-28.191280170141205],[-58.01367375375822,-28.192574063156187],[-58.02338771546236,-28.194716736058645],[-58.03281710341183,-28.197687604005857],[-58.041871295100655,-28.201458123583347],[-58.05046324789843,-28.20599206510892],[-58.058510331404925,-28.21124585839236],[-58.06593511881207,-28.217169008740626],[-58.07266612982158,-28.223704579338865],[-58.07863851807067,-28.23078973551048],[-58.08379469648497,-28.238356345770004],[-58.0880848945072,-28.246331634035975],[-58.09146764173747,-28.2546388768734],[-58.09391017316596,-28.26319813919016],[-58.095388751874324,-28.27192704142547],[-58.09588890582659,-28.2807415509437],[-58.09540557615723,-28.28955679008877],[-58.093943175187654,-28.298287853165675],[-58.09151555325551,-28.306850624499493],[-58.088145874317675,-28.315162589680845],[-58.083866401177474,-28.32314363214172],[-58.078718192082896,-28.330716807317767],[-58.07275071133268,-28.337809086842427],[-58.06602135740567,-28.34435206548441],[-58.05859491298022,-28.35028262388038],[-58.05054292202926,-28.355543540528135],[-58.04194299994812,-28.3600840469871],[-58.03287808339002,-28.36386032077939],[-58.02343562713539,-28.366835911090433],[-58.01370675589851,-28.36898209302683],[-58.00378537947025,-28.37027814689468],[-57.99376728,-28.370711559705793],[-57.98374918052975,-28.37027814689468],[-57.973827804101475,-28.36898209302683],[-57.96409893286461,-28.366835911090433],[-57.95465647660997,-28.36386032077939],[-57.94559156005187,-28.3600840469871],[-57.93699163797073,-28.355543540528135],[-57.92893964701977,-28.35028262388038],[-57.92151320259432,-28.34435206548441],[-57.914783848667305,-28.337809086842427],[-57.9088163679171,-28.330716807317767],[-57.90366815882251,-28.32314363214172],[-57.899388685682325,-28.315162589680845],[-57.89601900674448,-28.306850624499493],[-57.89359138481233,-28.298287853165675],[-57.89212898384275,-28.28955679008877],[-57.8916456541734,-28.2807415509437],[-57.89214580812566,-28.27192704142547],[-57.89362438683403,-28.26319813919016],[-57.89606691826252,-28.2546388768734],[-57.899449665492796,-28.246331634035975],[-57.903739863515014,-28.238356345770004],[-57.908896041929324,-28.230789735510484],[-57.91486843017841,-28.223704579338865],[-57.921599441187915,-28.217169008740626],[-57.92902422859506,-28.21124585839236],[-57.93707131210156,-28.20599206510892],[-57.94566326489934,-28.201458123583347],[-57.954717456588156,-28.197687604005857],[-57.96414684453762,-28.194716736058645],[-57.973860806241774,-28.192574063156187],[-57.98376600487683,-28.191280170141205],[-57.99376728,-28.190847486960884]]]}},{"type":"Feature","properties":{"name":"Zona 33","diameterKm":20,"establishments":3,"completeHistory":2,"observable":{"2023":12,"2024":11,"2025":9,"2026":10},"comparable":{"2023":12,"2026":7},"pctChange":-41.7,"trendLabel":"Disminuyó","upCount":0,"downCount":2,"flatCount":0,"monthlySalaryCost":11188864.95,"monthlySavings":7355849.51,"trend":"down","center":[-57.81243163,-28.25741767666667],"radiusM":10000,"fillColor":"#F4B7B4","strokeColor":"#D64541"},"geometry":{"type":"Polygon","coordinates":[[[-57.81243163,-28.167485640294213],[-57.822430720663206,-28.167918323830367],[-57.832333755587364,-28.169212217899208],[-57.842045594889946,-28.171354892513158],[-57.8514729219312,-28.174325762763875],[-57.86052513382846,-28.178096285148563],[-57.86911520683339,-28.182630229877375],[-57.877160528511894,-28.187884026637256],[-57.8845836889383,-28.193807180601773],[-57.89131322345375,-28.200342754817314],[-57.8972842999424,-28.207427914468457],[-57.9024393440462,-28.214994527936096],[-57.90672859626781,-28.22296981901556],[-57.9101105954994,-28.23127706416371],[-57.91255258415879,-28.239836328199548],[-57.91403083081066,-28.248565231496126],[-57.914530866894985,-28.257379741376862],[-57.914047634970956,-28.266194980171587],[-57.912585546708584,-28.274926042198572],[-57.91015844971314,-28.283488811823094],[-57.90678950314367,-28.291800774701343],[-57.90251096297664,-28.299781814353743],[-57.897363878660904,-28.307354986323848],[-57.89139770380151,-28.31444726236836],[-57.884669824386584,-28.320990237389836],[-57.877245008923715,-28.326920792164234],[-57.86919478567027,-28.33218170532874],[-57.86059675291358,-28.336722208576866],[-57.85153382897448,-28.340498479554363],[-57.84209344925834,-28.34347406755505],[-57.83236671825554,-28.345620247774526],[-57.82244752488757,-28.346916300585036],[-57.81243163,-28.347349713039122],[-57.80241573511241,-28.346916300585036],[-57.79249654174444,-28.345620247774526],[-57.78276981074164,-28.34347406755505],[-57.773329431025516,-28.340498479554363],[-57.764266507086404,-28.336722208576866],[-57.755668474329724,-28.33218170532874],[-57.74761825107627,-28.326920792164234],[-57.740193435613406,-28.320990237389836],[-57.733465556198475,-28.31444726236836],[-57.727499381339086,-28.307354986323848],[-57.72235229702335,-28.299781814353743],[-57.71807375685632,-28.291800774701343],[-57.71470481028685,-28.283488811823094],[-57.7122777132914,-28.274926042198572],[-57.710815625029035,-28.266194980171587],[-57.71033239310501,-28.257379741376862],[-57.71083242918933,-28.248565231496126],[-57.7123106758412,-28.239836328199548],[-57.71475266450059,-28.23127706416371],[-57.71813466373218,-28.22296981901556],[-57.7224239159538,-28.214994527936096],[-57.72757896005759,-28.207427914468457],[-57.73355003654624,-28.200342754817314],[-57.740279571061684,-28.193807180601773],[-57.7477027314881,-28.187884026637256],[-57.7557480531666,-28.182630229877375],[-57.76433812617154,-28.178096285148563],[-57.773390338068786,-28.174325762763875],[-57.78281766511005,-28.171354892513158],[-57.792529504412634,-28.169212217899208],[-57.80243253933679,-28.167918323830367],[-57.81243163,-28.167485640294213]]]}},{"type":"Feature","properties":{"name":"Zona 34","diameterKm":20,"establishments":3,"completeHistory":3,"observable":{"2023":22,"2024":20,"2025":17,"2026":15},"comparable":{"2023":22,"2026":15},"pctChange":-31.8,"trendLabel":"Disminuyó","upCount":0,"downCount":3,"flatCount":0,"monthlySalaryCost":6002806.61,"monthlySavings":4195254.41,"trend":"down","center":[-57.47559760000001,-29.905318],"radiusM":10000,"fillColor":"#F4B7B4","strokeColor":"#D64541"},"geometry":{"type":"Polygon","coordinates":[[[-57.47559760000001,-29.81538596362755],[-57.48575734046448,-29.815818621669646],[-57.49581949908026,-29.817112440233505],[-57.50568742374865,-29.819254992225797],[-57.515266313297126,-29.82222569743879],[-57.524464121577125,-29.82599601869704],[-57.533192436114234,-29.830529733922774],[-57.541367323146616,-29.83578328160477],[-57.54891013115928,-29.841706176471313],[-57.55574824536009,-29.84824149151054],[-57.561815785947424,-29.8553264018549],[-57.56705424348815,-29.862892785457888],[-57.57141304525489,-29.870867874944704],[-57.57485004696305,-29.879174954520234],[-57.57733194499589,-29.887734095371542],[-57.57883460490803,-29.896462922614376],[-57.5793433027491,-29.905277406506258],[-57.57885287654441,-29.914092670388523],[-57.57736778610409,-29.922823807628173],[-57.574902080197106,-29.93138669971156],[-57.57147927101686,-29.93969882759777],[-57.56713211677005,-29.947680068471374],[-57.56190231413279,-29.955253470144182],[-57.55584010322699,-29.96234599554199],[-57.54900378866558,-29.96888922997677],[-57.541459181086864,-29.97482004424329],[-57.53327896443515,-29.980081206991336],[-57.524541995036145,-29.98462194030578],[-57.51533253925078,-29.988398412973073],[-57.5057394571598,-29.99137416651901],[-57.49585534032403,-29.993520469762252],[-57.485775612174216,-29.994816598335543],[-57.47559760000001,-29.995250036372454],[-57.46541958782579,-29.994816598335543],[-57.45533985967598,-29.993520469762252],[-57.44545574284022,-29.99137416651901],[-57.43586266074923,-29.988398412973073],[-57.42665320496388,-29.98462194030578],[-57.41791623556487,-29.980081206991336],[-57.409736018913144,-29.97482004424329],[-57.40219141133444,-29.96888922997677],[-57.39535509677303,-29.96234599554199],[-57.38929288586723,-29.955253470144182],[-57.38406308322997,-29.947680068471374],[-57.37971592898315,-29.93969882759777],[-57.37629311980292,-29.93138669971156],[-57.37382741389592,-29.922823807628173],[-57.3723423234556,-29.914092670388523],[-57.371851897250906,-29.905277406506258],[-57.37236059509198,-29.896462922614376],[-57.37386325500413,-29.887734095371542],[-57.376345153036965,-29.879174954520234],[-57.379782154745115,-29.870867874944704],[-57.384140956511864,-29.862892785457888],[-57.38937941405259,-29.8553264018549],[-57.39544695463992,-29.84824149151054],[-57.40228506884074,-29.841706176471313],[-57.4098278768534,-29.83578328160477],[-57.41800276388578,-29.830529733922774],[-57.42673107842289,-29.82599601869704],[-57.43592888670289,-29.82222569743879],[-57.44550777625136,-29.819254992225797],[-57.455375700919745,-29.817112440233505],[-57.465437859535534,-29.815818621669646],[-57.47559760000001,-29.81538596362755]]]}},{"type":"Feature","properties":{"name":"Zona 35","diameterKm":20,"establishments":3,"completeHistory":3,"observable":{"2023":24,"2024":26,"2025":26,"2026":23},"comparable":{"2023":24,"2026":23},"pctChange":-4.2,"trendLabel":"Disminuyó","upCount":1,"downCount":1,"flatCount":1,"monthlySalaryCost":10641771.14,"monthlySavings":8514288.32,"trend":"down","center":[-56.56846086666667,-29.00284186666667],"radiusM":10000,"fillColor":"#F4B7B4","strokeColor":"#D64541"},"geometry":{"type":"Polygon","coordinates":[[[-56.56846086666667,-28.912909830294215],[-56.578530961723054,-28.913342502398685],[-56.588504326569215,-28.914636362610686],[-56.59828515299002,-28.916778982240487],[-56.6077794682447,-28.919749778487628],[-56.616896031582925,-28.923520210686647],[-56.62554720548689,-28.928054052505953],[-56.63364979353327,-28.933307737579387],[-56.64112583704053,-28.93923077536501],[-56.64790336300582,-28.9457662333672],[-56.653917076239125,-28.95285128123118],[-56.65910898907034,-28.960417791630213],[-56.66342898253438,-28.968392992318858],[-56.66683529352893,-28.976700163228067],[-56.66929492308533,-28.985259372032083],[-56.67078396159141,-28.99398824123035],[-56.67128782755284,-29.002802739461686],[-56.67080141726979,-29.01161798950921],[-56.669329163634046,-29.02034908526442],[-56.66688500311005,-29.028911909801458],[-56.66349225084593,-29.03722394667019],[-56.65918338475673,-29.04520507654996],[-56.65399974032519,-29.052778351517414],[-56.64799111876426,-29.059870739369554],[-56.641215312070635,-29.066413830708672],[-56.63373754935982,-29.072344501835396],[-56.625629869698805,-29.07760552690884],[-56.61697042743373,-29.082146133314303],[-56.60784273673422,-29.085922494725363],[-56.59833486273556,-29.088898156952947],[-56.58853856724377,-29.091044392333504],[-56.57854841746954,-29.0923404791143],[-56.56846086666667,-29.092773903039117],[-56.5583733158638,-29.0923404791143],[-56.54838316608957,-29.091044392333504],[-56.538586870597776,-29.088898156952947],[-56.52907899659912,-29.085922494725363],[-56.51995130589961,-29.082146133314303],[-56.51129186363454,-29.07760552690884],[-56.50318418397352,-29.072344501835396],[-56.4957064212627,-29.066413830708672],[-56.48893061456909,-29.059870739369554],[-56.48292199300815,-29.052778351517414],[-56.47773834857661,-29.04520507654996],[-56.47342948248741,-29.03722394667019],[-56.47003673022329,-29.028911909801458],[-56.46759256969929,-29.02034908526442],[-56.466120316063545,-29.01161798950921],[-56.46563390578051,-29.002802739461686],[-56.46613777174193,-28.99398824123035],[-56.467626810248014,-28.985259372032083],[-56.47008643980441,-28.976700163228067],[-56.47349275079896,-28.968392992318858],[-56.477812744263,-28.960417791630213],[-56.48300465709422,-28.95285128123118],[-56.489018370327535,-28.9457662333672],[-56.49579589629282,-28.93923077536501],[-56.50327193980007,-28.933307737579387],[-56.51137452784645,-28.928054052505953],[-56.52002570175041,-28.923520210686647],[-56.52914226508864,-28.919749778487628],[-56.53863658034333,-28.916778982240487],[-56.54841740676412,-28.914636362610686],[-56.55839077161029,-28.913342502398685],[-56.56846086666667,-28.912909830294215]]]}},{"type":"Feature","properties":{"name":"Zona 36","diameterKm":20,"establishments":3,"completeHistory":3,"observable":{"2023":19,"2024":13,"2025":20,"2026":15},"comparable":{"2023":19,"2026":15},"pctChange":-21.1,"trendLabel":"Disminuyó","upCount":0,"downCount":3,"flatCount":0,"monthlySalaryCost":8767562.27,"monthlySavings":6204854.79,"trend":"down","center":[-58.36336313333334,-27.53014046666667],"radiusM":10000,"fillColor":"#F4B7B4","strokeColor":"#D64541"},"geometry":{"type":"Polygon","coordinates":[[[-58.363363133333344,-27.440208430294213],[-58.37329551572159,-27.440641124831235],[-58.383132475959144,-27.44193505148096],[-58.392779501988336,-27.444077779006793],[-58.402143893509745,-27.447048720471784],[-58.41113564686105,-27.450819329642556],[-58.419668314887,-27.45535337340116],[-58.42765983378336,-27.46060727763618],[-58.43503330916932,-27.46653054339806],[-58.44171775398178,-27.47306622944314],[-58.44764877118752,-27.4801514966634],[-58.452769174776996,-27.48771820930928],[-58.45702954303079,-27.495693587366244],[-58.46038869863696,-27.50400090394827],[-58.46281411087958,-27.512560221127096],[-58.46428221581277,-27.521289157229866],[-58.464778651075676,-27.53010367831462],[-58.464298402786696,-27.538918906275367],[-58.46284586277452,-27.547649935841477],[-58.46043479525176,-27.556212652620964],[-58.45708821290668,-27.56452454429715],[-58.45283816327253,-27.572505497124553],[-58.44772542712179,-27.580078569982906],[-58.441799131516575,-27.587170738439205],[-58.43511628101506,-27.593713601533846],[-58.427741211378525,-27.599644044349056],[-58.419744970932825,-27.604904849830813],[-58.41120463550232,-27.60944525381791],[-58.40220256354339,-27.613221437778016],[-58.39282559874887,-27.61619695435607],[-58.383164227965636,-27.618343081498583],[-58.373311702755856,-27.61963910162235],[-58.363363133333344,-27.62007250303912],[-58.35341456391083,-27.61963910162235],[-58.343562038701045,-27.618343081498583],[-58.33390066791781,-27.61619695435607],[-58.324523703123305,-27.613221437778016],[-58.31552163116436,-27.60944525381791],[-58.306981295733856,-27.604904849830813],[-58.298985055288156,-27.599644044349056],[-58.29160998565162,-27.593713601533846],[-58.284927135150106,-27.587170738439205],[-58.27900083954489,-27.580078569982906],[-58.27388810339415,-27.572505497124553],[-58.26963805376,-27.56452454429715],[-58.266291471414924,-27.556212652620964],[-58.26388040389216,-27.547649935841477],[-58.26242786388,-27.538918906275367],[-58.261947615591005,-27.53010367831462],[-58.26244405085391,-27.521289157229866],[-58.263912155787104,-27.512560221127096],[-58.26633756802972,-27.50400090394827],[-58.26969672363589,-27.495693587366244],[-58.273957091889685,-27.48771820930928],[-58.279077495479164,-27.4801514966634],[-58.285008512684904,-27.47306622944314],[-58.29169295749736,-27.46653054339806],[-58.29906643288332,-27.46060727763618],[-58.30705795177968,-27.45535337340116],[-58.31559061980563,-27.450819329642556],[-58.324582373156936,-27.447048720471784],[-58.333946764678345,-27.444077779006793],[-58.34359379070754,-27.44193505148096],[-58.353430750945094,-27.440641124831235],[-58.363363133333344,-27.440208430294213]]]}},{"type":"Feature","properties":{"name":"Zona 37","diameterKm":20,"establishments":3,"completeHistory":3,"observable":{"2023":18,"2024":14,"2025":12,"2026":19},"comparable":{"2023":18,"2026":19},"pctChange":5.6,"trendLabel":"Aumentó","upCount":1,"downCount":1,"flatCount":1,"monthlySalaryCost":6224484.05,"monthlySavings":4844262.39,"trend":"up","center":[-58.67522493333333,-28.53321666666666],"radiusM":10000,"fillColor":"#B7E1B0","strokeColor":"#3A8D3A"},"geometry":{"type":"Polygon","coordinates":[[[-58.67522493333333,-28.4432846302942],[-58.6852499802078,-28.443717309619576],[-58.69517872479372,-28.445011191217482],[-58.704915782902624,-28.447153845578423],[-58.714367598059376,-28.450124688570483],[-58.72344333421005,-28.453895177736],[-58.73205574324281,-28.45842908455899],[-58.740121999244714,-28.463682840180212],[-58.74756449168908,-28.46960595135143],[-58.75431157008684,-28.476141482761104],[-58.76029823303864,-28.483226601236854],[-58.765466755091765,-28.49079317674064],[-58.76976724533561,-28.49876843452611],[-58.77315813225725,-28.50707565232975],[-58.775606570023754,-28.51563489602224],[-58.77708876205492,-28.524363786759814],[-58.77759019849516,-28.53317829235036],[-58.77710580498167,-28.54199353529062],[-58.77564000093087,-28.55072460974162],[-58.773206666420606,-28.559287399593043],[-58.769829017623536,-28.56759938972517],[-58.76553939163962,-28.575580462611946],[-58.76037894247362,-28.583153672519916],[-58.75439725079752,-28.590245989747284],[-58.74765185101753,-28.596789007612667],[-58.74020768002092,-28.60271960524362],[-58.73213645279888,-28.607980559627936],[-58.723515970916104,-28.61252110087228],[-58.71442937051854,-28.61629740515935],[-58.70496431722418,-28.619273020500156],[-58.69521215582191,-28.621419221037183],[-58.68526702320009,-28.622715286360002],[-58.67522493333333,-28.623148703039114],[-58.66518284346659,-28.622715286360002],[-58.65523771084476,-28.621419221037183],[-58.64548554944249,-28.619273020500156],[-58.63602049614814,-28.61629740515935],[-58.626933895750575,-28.61252110087228],[-58.61831341386778,-28.607980559627936],[-58.61024218664575,-28.60271960524362],[-58.60279801564915,-28.596789007612667],[-58.59605261586916,-28.590245989747284],[-58.59007092419306,-28.583153672519916],[-58.58491047502706,-28.575580462611946],[-58.58062084904313,-28.56759938972517],[-58.577243200246066,-28.559287399593043],[-58.57480986573581,-28.55072460974162],[-58.573344061685,-28.54199353529062],[-58.57285966817152,-28.53317829235036],[-58.573361104611756,-28.524363786759814],[-58.57484329664292,-28.51563489602224],[-58.57729173440943,-28.50707565232975],[-58.58068262133106,-28.49876843452611],[-58.58498311157491,-28.49079317674064],[-58.59015163362804,-28.483226601236854],[-58.59613829657984,-28.476141482761104],[-58.60288537497759,-28.46960595135143],[-58.61032786742195,-28.463682840180212],[-58.618394123423855,-28.45842908455899],[-58.62700653245662,-28.453895177736],[-58.6360822686073,-28.450124688570483],[-58.64553408376405,-28.447153845578423],[-58.655271141872944,-28.445011191217482],[-58.66519988645887,-28.443717309619576],[-58.67522493333333,-28.4432846302942]]]}},{"type":"Feature","properties":{"name":"Zona 38","diameterKm":20,"establishments":3,"completeHistory":3,"observable":{"2023":23,"2024":15,"2025":17,"2026":19},"comparable":{"2023":23,"2026":19},"pctChange":-17.4,"trendLabel":"Disminuyó","upCount":1,"downCount":2,"flatCount":0,"monthlySalaryCost":4562644.27,"monthlySavings":3275837.32,"trend":"down","center":[-59.50065606666667,-30.01117393333334],"radiusM":10000,"fillColor":"#F4B7B4","strokeColor":"#D64541"},"geometry":{"type":"Polygon","coordinates":[[[-59.500656066666686,-29.921241896960886],[-59.51082659273603,-29.921674553337013],[-59.52089943448635,-29.92296836696684],[-59.53077783828191,-29.92511091094612],[-59.54036690327283,-29.92808160537428],[-59.549574486405334,-29.931851913489325],[-59.5583120819634,-29.936385613717416],[-59.566495667470875,-29.941639145122448],[-59.574046508054465,-29.94756202305707],[-59.580891911706495,-29.954097321159075],[-59.58696592829065,-29.961182215210986],[-59.59220998560204,-29.96874858379183],[-59.59657345632438,-29.976723660103882],[-59.60001415031767,-29.98503072885837],[-59.6024987273189,-29.993589861658556],[-59.60400302583998,-30.002318683930188],[-59.60451230479929,-30.0111331661226],[-59.60402139521923,-30.019948431643318],[-59.60253476015667,-30.028679573797213],[-59.600066461899985,-30.037242473882586],[-59.59664003635663,-30.045554612551598],[-59.59228827546195,-30.05353586657483],[-59.58705291935296,-30.061109283258812],[-59.58098426096126,-30.06820182495222],[-59.57414066657581,-30.074745076340268],[-59.56658801679964,-30.080675907565393],[-59.558399073162455,-30.085937086624636],[-59.5496527764439,-30.090477834974863],[-59.540433483498475,-30.094254320823502],[-59.53083015004288,-30.09723008518863],[-59.52093546746087,-30.09937639647211],[-59.51084496218928,-30.100672529996903],[-59.500656066666686,-30.10110596970579],[-59.490467171144076,-30.100672529996903],[-59.480376665872484,-30.09937639647211],[-59.470481983290476,-30.09723008518863],[-59.46087864983488,-30.094254320823502],[-59.45165935688946,-30.090477834974863],[-59.4429130601709,-30.085937086624636],[-59.434724116533715,-30.080675907565393],[-59.42717146675755,-30.074745076340268],[-59.4203278723721,-30.06820182495222],[-59.414259213980394,-30.061109283258812],[-59.40902385787141,-30.05353586657483],[-59.404672096976725,-30.045554612551598],[-59.40124567143337,-30.037242473882586],[-59.398777373176685,-30.028679573797213],[-59.39729073811413,-30.019948431643318],[-59.396799828534064,-30.0111331661226],[-59.39730910749337,-30.002318683930188],[-59.398813406014455,-29.993589861658556],[-59.40129798301569,-29.98503072885837],[-59.40473867700897,-29.976723660103882],[-59.40910214773132,-29.96874858379183],[-59.414346205042705,-29.961182215210986],[-59.42042022162686,-29.954097321159075],[-59.42726562527889,-29.94756202305707],[-59.434816465862475,-29.941639145122448],[-59.44300005136996,-29.936385613717416],[-59.45173764692802,-29.931851913489325],[-59.460945230060524,-29.92808160537428],[-59.47053429505145,-29.92511091094612],[-59.480412698847005,-29.92296836696684],[-59.49048554059733,-29.921674553337013],[-59.500656066666686,-29.921241896960886]]]}},{"type":"Feature","properties":{"name":"Zona 39","diameterKm":20,"establishments":2,"completeHistory":2,"observable":{"2023":11,"2024":12,"2025":10,"2026":9},"comparable":{"2023":11,"2026":9},"pctChange":-18.2,"trendLabel":"Disminuyó","upCount":1,"downCount":1,"flatCount":0,"monthlySalaryCost":6044290.83,"monthlySavings":2197000,"trend":"down","center":[-58.44753655,-30.1722731],"radiusM":10000,"fillColor":"#F4B7B4","strokeColor":"#D64541"},"geometry":{"type":"Polygon","coordinates":[[[-58.44753655000001,-30.08234106362755],[-58.45772360121695,-30.08277371746148],[-58.46781281111276,-30.08406752356214],[-58.477707270479605,-30.08621005531388],[-58.48731192574519,-30.089180733284792],[-58.496534485380806,-30.09295102134376],[-58.50528630080921,-30.097484698685932],[-58.513483213629954,-30.102738205252844],[-58.52104636125215,-30.108661057349877],[-58.52790293336281,-30.115196329606153],[-58.53398687206321,-30.122281198796163],[-58.5392395089743,-30.12984754445355],[-58.54361013314332,-30.137822600661103],[-58.54705648417538,-30.146129652902772],[-58.54954516566263,-30.154688773416947],[-58.551051974686416,-30.16341758810241],[-58.55156214392069,-30.172232067701227],[-58.551070493661406,-30.181047335721907],[-58.54958149194305,-30.189778485374603],[-58.54710922177054,-30.198341397670614],[-58.543677255387315,-30.20665355279379],[-58.539318436408074,-30.21463482688293],[-58.53407457156007,-30.222208266473544],[-58.527996034688144,-30.22930083303369],[-58.52114128657852,-30.23584411029209],[-58.51357631503028,-30.241774967395756],[-58.50537400044464,-30.24703617134564],[-58.496613412995636,-30.25157694264028],[-58.487379048185154,-30.255353448603522],[-58.47776000825583,-30.258329229478615],[-58.467849137531765,-30.26047555303141],[-58.45774212026693,-30.26177169411215],[-58.44753655000001,-30.262205136372447],[-58.43733097973308,-30.26177169411215],[-58.427223962468254,-30.26047555303141],[-58.417313091744184,-30.258329229478615],[-58.40769405181486,-30.255353448603522],[-58.398459687004376,-30.25157694264028],[-58.38969909955537,-30.24703617134564],[-58.381496784969734,-30.241774967395756],[-58.37393181342149,-30.23584411029209],[-58.36707706531187,-30.22930083303369],[-58.36099852843994,-30.222208266473544],[-58.35575466359194,-30.21463482688293],[-58.351395844612696,-30.20665355279379],[-58.34796387822947,-30.198341397670614],[-58.34549160805696,-30.189778485374603],[-58.344002606338606,-30.181047335721907],[-58.34351095607932,-30.172232067701227],[-58.344021125313596,-30.16341758810241],[-58.34552793433738,-30.154688773416947],[-58.34801661582463,-30.146129652902772],[-58.351462966856694,-30.137822600661103],[-58.35583359102572,-30.12984754445355],[-58.3610862279368,-30.122281198796163],[-58.3671701666372,-30.115196329606153],[-58.374026738747865,-30.108661057349877],[-58.38158988637006,-30.102738205252844],[-58.3897867991908,-30.097484698685932],[-58.398538614619206,-30.09295102134376],[-58.40776117425483,-30.089180733284792],[-58.41736582952041,-30.08621005531388],[-58.42726028888726,-30.08406752356214],[-58.437349498783064,-30.08277371746148],[-58.44753655000001,-30.08234106362755]]]}},{"type":"Feature","properties":{"name":"Zona 40","diameterKm":20,"establishments":2,"completeHistory":2,"observable":{"2023":13,"2024":10,"2025":12,"2026":11},"comparable":{"2023":13,"2026":11},"pctChange":-15.4,"trendLabel":"Disminuyó","upCount":1,"downCount":1,"flatCount":0,"monthlySalaryCost":4293135.89,"monthlySavings":2047135.89,"trend":"down","center":[-58.3221801,-29.94442105],"radiusM":10000,"fillColor":"#F4B7B4","strokeColor":"#D64541"},"geometry":{"type":"Polygon","coordinates":[[[-58.322180100000004,-29.854489013627546],[-58.33234381794773,-29.854921671054647],[-58.342409916258205,-29.856215487797105],[-58.35228170538833,-29.85835803683138],[-58.361864347407,-29.861328738063136],[-58.37106576042933,-29.86509905446955],[-58.37979749759563,-29.869632764158887],[-58.38797559242832,-29.874886305832213],[-58.39552136267177,-29.880809194448318],[-58.40236216505853,-29.887344503235152],[-58.408432093849115,-29.894429407565145],[-58.413672616461504,-29.90199578562269],[-58.41803314003708,-29.90997087024605],[-58.42147150338067,-29.918277945826997],[-58.42395438936108,-29.926837083706236],[-58.425457653560024,-29.935565909113958],[-58.42596656570932,-29.9443803923785],[-58.42547596125157,-29.953195656865606],[-58.42399030119406,-29.96192679591937],[-58.42152363929121,-29.97048969095671],[-58.41809949648149,-29.978801822823407],[-58.413750643409784,-29.986783068551222],[-58.40851879277951,-29.994356475765414],[-58.40245420418752,-30.001449007178756],[-58.39561520499141,-30.007992247871837],[-58.38806763163089,-30.013923068398636],[-58.37988419666203,-30.019184237167966],[-58.3711437875553,-30.023724976032867],[-58.361930704043736,-30.027501453566067],[-58.35233384147655,-30.0304772111059],[-58.342445828227184,-30.03262351731719],[-58.33236212571287,-30.033919647718335],[-58.322180100000004,-30.03435308637245],[-58.31199807428713,-30.033919647718335],[-58.30191437177282,-30.03262351731719],[-58.29202635852346,-30.0304772111059],[-58.28242949595627,-30.027501453566067],[-58.27321641244471,-30.023724976032867],[-58.26447600333797,-30.019184237167966],[-58.25629256836911,-30.013923068398636],[-58.24874499500859,-30.007992247871837],[-58.241905995812495,-30.001449007178756],[-58.2358414072205,-29.994356475765414],[-58.23060955659022,-29.986783068551222],[-58.22626070351851,-29.978801822823407],[-58.2228365607088,-29.97048969095671],[-58.220369898805956,-29.96192679591937],[-58.21888423874843,-29.953195656865606],[-58.21839363429069,-29.9443803923785],[-58.21890254643998,-29.935565909113958],[-58.22040581063893,-29.926837083706236],[-58.22288869661933,-29.918277945826997],[-58.226327059962934,-29.90997087024605],[-58.2306875835385,-29.90199578562269],[-58.235928106150894,-29.894429407565145],[-58.241998034941474,-29.887344503235152],[-58.24883883732823,-29.880809194448318],[-58.25638460757168,-29.874886305832213],[-58.26456270240437,-29.869632764158887],[-58.27329443957067,-29.86509905446955],[-58.282495852593,-29.861328738063136],[-58.29207849461169,-29.85835803683138],[-58.301950283741796,-29.856215487797105],[-58.312016382052285,-29.854921671054647],[-58.322180100000004,-29.854489013627546]]]}},{"type":"Feature","properties":{"name":"Zona 41","diameterKm":20,"establishments":2,"completeHistory":2,"observable":{"2023":15,"2024":13,"2025":15,"2026":12},"comparable":{"2023":15,"2026":12},"pctChange":-20,"trendLabel":"Disminuyó","upCount":0,"downCount":2,"flatCount":0,"monthlySalaryCost":3495312.57,"monthlySavings":1647829.75,"trend":"down","center":[-58.08673455,-29.8165829],"radiusM":10000,"fillColor":"#F4B7B4","strokeColor":"#D64541"},"geometry":{"type":"Polygon","coordinates":[[[-58.08673455000002,-29.726650863627547],[-58.09688529357218,-29.72708352306344],[-58.10693854077111,-29.728377345755284],[-58.11679772419502,-29.730519904451516],[-58.126368125817194,-29.733490618687437],[-58.13555778032263,-29.737260950941707],[-58.144278353014506,-29.741794678714935],[-58.15244598413238,-29.74704824001472],[-58.15998209169514,-29.752971149047],[-58.16681412532065,-29.759506478256387],[-58.172876263877875,-29.766591402231455],[-58.17811005029574,-29.774157798402335],[-58.18246495738342,-29.782132898911485],[-58.18589887910784,-29.790439987540122],[-58.18837854242217,-29.798999135127133],[-58.189879835440124,-29.807727966528905],[-58.1903880485027,-29.816542451842512],[-58.18989802547807,-29.82535771435392],[-58.18841422346925,-29.83408884748208],[-58.18595067996909,-29.842651732870713],[-58.18253088739077,-29.85096385173566],[-58.178187575806845,-29.858945081607907],[-58.17296240564081,-29.86651847072195],[-58.16690557296343,-29.873610982486426],[-58.160075330940295,-29.88015420273768],[-58.15253743184798,-29.88608500281623],[-58.14436449491199,-29.891346151917947],[-58.13563530600953,-29.895886872653104],[-58.126434056014865,-29.899663334292605],[-58.11684952523207,-29.902639078786965],[-58.10697422195276,-29.904785375303582],[-58.09690348368295,-29.90608149973435],[-58.08673455000002,-29.906514936372453],[-58.07656561631708,-29.90608149973435],[-58.066494878047266,-29.904785375303582],[-58.05661957476795,-29.902639078786965],[-58.047035043985154,-29.899663334292605],[-58.03783379399049,-29.895886872653104],[-58.02910460508803,-29.891346151917947],[-58.02093166815204,-29.88608500281623],[-58.01339376905974,-29.88015420273768],[-58.006563527036604,-29.873610982486426],[-58.00050669435922,-29.86651847072195],[-57.995281524193175,-29.858945081607907],[-57.99093821260926,-29.85096385173566],[-57.98751842003093,-29.842651732870713],[-57.985054876530775,-29.83408884748208],[-57.983571074521954,-29.82535771435392],[-57.98308105149734,-29.816542451842512],[-57.983589264559896,-29.807727966528905],[-57.98509055757786,-29.798999135127133],[-57.98757022089219,-29.790439987540122],[-57.99100414261662,-29.782132898911485],[-57.995359049704284,-29.774157798402335],[-58.000592836122145,-29.766591402231455],[-58.00665497467937,-29.759506478256387],[-58.013487008304885,-29.752971149047],[-58.02102311586765,-29.74704824001472],[-58.02919074698553,-29.741794678714935],[-58.0379113196774,-29.737260950941707],[-58.04710097418283,-29.733490618687437],[-58.05667137580501,-29.730519904451516],[-58.06653055922891,-29.728377345755284],[-58.07658380642785,-29.72708352306344],[-58.08673455000002,-29.726650863627547]]]}},{"type":"Feature","properties":{"name":"Zona 42","diameterKm":20,"establishments":2,"completeHistory":2,"observable":{"2023":8,"2024":9,"2025":9,"2026":9},"comparable":{"2023":8,"2026":9},"pctChange":12.5,"trendLabel":"Aumentó","upCount":1,"downCount":1,"flatCount":0,"monthlySalaryCost":5629664.49,"monthlySavings":4029664.49,"trend":"up","center":[-57.77076744999999,-27.8779105],"radiusM":10000,"fillColor":"#B7E1B0","strokeColor":"#3A8D3A"},"geometry":{"type":"Polygon","coordinates":[[[-57.77076744999999,-27.787978463627546],[-57.78073141932579,-27.788411152922528],[-57.79059966650114,-27.78970506404711],[-57.80027738219715,-27.79184776635986],[-57.809671574280344,-27.794818673890507],[-57.81869195535942,-27.79858924170685],[-57.8272518052627,-27.803123238276843],[-57.83526880040831,-27.808377091299036],[-57.84266580230169,-27.814300303788634],[-57.84937159773288,-27.820835936546214],[-57.85532158364981,-27.827921152509237],[-57.860458390150825,-27.835487817896333],[-57.86473243556796,-27.843463154508388],[-57.86810240819981,-27.851770437052274],[-57.87053566989618,-27.860329728908777],[-57.872008577391284,-27.869058649379905],[-57.87250671802516,-27.8778731651266],[-57.872025057277526,-27.886688398250495],[-57.870567996359405,-27.895419443285025],[-57.868149338958695,-27.903982185245997],[-57.864792167108284,-27.91229411085076],[-57.86052862703224,-27.92027510505098],[-57.85539962671688,-27.92784822513669],[-57.849454447840834,-27.934940444859254],[-57.84275027557089,-27.941483361287386],[-57.83535165057838,-27.947413857451377],[-57.82732984844453,-27.952674714244086],[-57.81876219239078,-27.957215165529092],[-57.80973130598297,-27.96099139095296],[-57.80032431310597,-27.963966941563843],[-57.79063199307912,-27.966113093997468],[-57.78074789927414,-27.967409129696417],[-57.77076744999999,-27.967842536372455],[-57.76078700072584,-27.967409129696417],[-57.75090290692087,-27.966113093997468],[-57.74121058689401,-27.963966941563843],[-57.731803594017,-27.96099139095296],[-57.7227727076092,-27.957215165529092],[-57.71420505155545,-27.952674714244086],[-57.7061832494216,-27.947413857451377],[-57.69878462442909,-27.941483361287386],[-57.692080452159146,-27.934940444859254],[-57.6861352732831,-27.92784822513669],[-57.68100627296774,-27.92027510505098],[-57.6767427328917,-27.91229411085076],[-57.673385561041286,-27.903982185245997],[-57.670966903640576,-27.895419443285025],[-57.66950984272246,-27.886688398250495],[-57.669028181974824,-27.8778731651266],[-57.6695263226087,-27.869058649379905],[-57.670999230103796,-27.860329728908777],[-57.67343249180017,-27.851770437052274],[-57.67680246443203,-27.843463154508388],[-57.681076509849156,-27.835487817896333],[-57.68621331635018,-27.827921152509237],[-57.69216330226709,-27.820835936546214],[-57.698869097698285,-27.814300303788634],[-57.70626609959167,-27.808377091299036],[-57.714283094737276,-27.803123238276843],[-57.722842944640554,-27.79858924170685],[-57.73186332571964,-27.794818673890507],[-57.74125751780283,-27.79184776635986],[-57.750935233498836,-27.78970506404711],[-57.76080348067419,-27.788411152922528],[-57.77076744999999,-27.787978463627546]]]}},{"type":"Feature","properties":{"name":"Zona 43","diameterKm":20,"establishments":2,"completeHistory":2,"observable":{"2023":16,"2024":16,"2025":12,"2026":13},"comparable":{"2023":16,"2026":13},"pctChange":-18.8,"trendLabel":"Disminuyó","upCount":0,"downCount":2,"flatCount":0,"monthlySalaryCost":7432733.63,"monthlySavings":3768812.43,"trend":"down","center":[-58.4084394,-27.3048423],"radiusM":10000,"fillColor":"#F4B7B4","strokeColor":"#D64541"},"geometry":{"type":"Polygon","coordinates":[[[-58.4084394,-27.214910263627548],[-58.418351620339685,-27.21534296154293],[-58.42816861000978,-27.216636898198214],[-58.43779604669241,-27.218779641973207],[-58.4471414163585,-27.22175060530796],[-58.45611489644375,-27.2255212411305],[-58.46463021405497,-27.230055315300767],[-58.472605471201454,-27.235309252540862],[-58.479963929319915,-27.24123255263499],[-58.486634745698744,-27.247768273021983],[-58.49255365481076,-27.254853573275604],[-58.49766358803121,-27.26242031637783],[-58.50191522574429,-27.27039572114416],[-58.50526747642907,-27.278703059662035],[-58.507687877956485,-27.287262393159555],[-58.509152917023236,-27.295991339335693],[-58.509648263387504,-27.30480586385994],[-58.50916891635461,-27.313621088492546],[-58.5077192617773,-27.322352108089216],[-58.50531303868289,-27.330914808639648],[-58.50197321550743,-27.33922667844976],[-58.497731776798375,-27.347207604613676],[-58.492629422134016,-27.354780647035703],[-58.486715179888584,-27.361872782452892],[-58.48004593933893,-27.36841561117634],[-58.47268590545057,-27.374346019610613],[-58.46470598148774,-27.379606792024823],[-58.456183085354006,-27.384147165530653],[-58.44719940627648,-27.387923322769396],[-58.43784160908933,-27.390898817414982],[-58.42819999394009,-27.393044928258654],[-58.41836761973033,-27.394340938345014],[-58.4084394,-27.394774336372457],[-58.398511180269665,-27.394340938345014],[-58.38867880605991,-27.393044928258654],[-58.379037190910665,-27.390898817414982],[-58.36967939372351,-27.387923322769396],[-58.36069571464598,-27.384147165530653],[-58.352172818512244,-27.379606792024823],[-58.34419289454942,-27.374346019610613],[-58.33683286066106,-27.36841561117634],[-58.3301636201114,-27.361872782452892],[-58.32424937786597,-27.354780647035703],[-58.31914702320161,-27.347207604613676],[-58.31490558449256,-27.33922667844976],[-58.311565761317105,-27.330914808639648],[-58.309159538222694,-27.322352108089216],[-58.30770988364537,-27.313621088492546],[-58.30723053661249,-27.30480586385994],[-58.30772588297676,-27.295991339335693],[-58.309190922043506,-27.287262393159555],[-58.31161132357093,-27.278703059662035],[-58.31496357425569,-27.27039572114416],[-58.319215211968775,-27.26242031637783],[-58.324325145189235,-27.254853573275604],[-58.330244054301254,-27.247768273021983],[-58.33691487068007,-27.24123255263499],[-58.34427332879854,-27.235309252540862],[-58.35224858594501,-27.230055315300767],[-58.36076390355623,-27.2255212411305],[-58.36973738364149,-27.22175060530796],[-58.37908275330757,-27.218779641973207],[-58.38871018999021,-27.216636898198214],[-58.39852717966031,-27.21534296154293],[-58.4084394,-27.214910263627548]]]}},{"type":"Feature","properties":{"name":"Zona 44","diameterKm":20,"establishments":2,"completeHistory":2,"observable":{"2023":16,"2024":13,"2025":13,"2026":9},"comparable":{"2023":16,"2026":9},"pctChange":-43.8,"trendLabel":"Disminuyó","upCount":0,"downCount":2,"flatCount":0,"monthlySalaryCost":4963568.52,"monthlySavings":2436779.57,"trend":"down","center":[-56.72826978499999,-28.922727955],"radiusM":10000,"fillColor":"#F4B7B4","strokeColor":"#D64541"},"geometry":{"type":"Polygon","coordinates":[[[-56.72826978499999,-28.832795918627543],[-56.7383321187429,-28.83322859196843],[-56.7482977960039,-28.83452245584229],[-56.758071081625005,-28.836665081419028],[-56.767558074585246,-28.83963588567019],[-56.776667603860574,-28.843406327623462],[-56.78531209902472,-28.84794018057324],[-56.793408427489965,-28.853193877726465],[-56.80087869055832,-28.859116928077825],[-56.80765097079234,-28.865652398649516],[-56.81366002361818,-28.872737458604334],[-56.81884790654176,-28.880303980151275],[-56.823164539887635,-28.888279190616675],[-56.826568193560234,-28.896586369555717],[-56.82902589497219,-28.905145584333827],[-56.83051375398291,-28.91387445722043],[-56.831017201437966,-28.922688956712054],[-56.83053113868924,-28.93150420554278],[-56.829059996304174,-28.940235297650233],[-56.82661770102993,-28.9487981162482],[-56.82322755096004,-28.95711014511433],[-56.81892199974677,-28.965091265235273],[-56.81374235160477,-28.97266452906263],[-56.80773836974925,-28.979756904821688],[-56.800967801796524,-28.986299983579862],[-56.79349582651454,-28.99223064212184],[-56.78539442713632,-28.997491655091096],[-56.776741697228914,-29.00203225033892],[-56.767621085834456,-29.005808601968532],[-56.758120589258056,-29.0087842561676],[-56.74833189746091,-29.01093048558183],[-56.738349503516886,-29.012226568688323],[-56.72826978499999,-29.01265999137245],[-56.71819006648309,-29.012226568688323],[-56.70820767253907,-29.01093048558183],[-56.69841898074192,-29.0087842561676],[-56.68891848416552,-29.005808601968532],[-56.67979787277106,-29.00203225033892],[-56.67114514286365,-28.997491655091096],[-56.66304374348544,-28.99223064212184],[-56.655571768203444,-28.986299983579862],[-56.64880120025072,-28.979756904821688],[-56.6427972183952,-28.97266452906263],[-56.637617570253205,-28.965091265235273],[-56.633312019039934,-28.95711014511433],[-56.62992186897004,-28.9487981162482],[-56.6274795736958,-28.940235297650233],[-56.62600843131074,-28.93150420554278],[-56.625522368562,-28.922688956712054],[-56.62602581601706,-28.91387445722043],[-56.627513675027785,-28.905145584333827],[-56.629971376439734,-28.896586369555717],[-56.63337503011234,-28.888279190616675],[-56.63769166345821,-28.880303980151275],[-56.64287954638179,-28.872737458604334],[-56.64888859920763,-28.865652398649516],[-56.65566087944164,-28.859116928077825],[-56.66313114251001,-28.853193877726465],[-56.67122747097525,-28.84794018057324],[-56.6798719661394,-28.843406327623462],[-56.68898149541473,-28.83963588567019],[-56.69846848837497,-28.836665081419028],[-56.70824177399607,-28.83452245584229],[-56.71820745125707,-28.83322859196843],[-56.72826978499999,-28.832795918627543]]]}},{"type":"Feature","properties":{"name":"Zona 45","diameterKm":20,"establishments":2,"completeHistory":2,"observable":{"2023":9,"2024":8,"2025":8,"2026":8},"comparable":{"2023":9,"2026":8},"pctChange":-11.1,"trendLabel":"Disminuyó","upCount":1,"downCount":1,"flatCount":0,"monthlySalaryCost":5373508.52,"monthlySavings":2806788.95,"trend":"down","center":[-56.824249345,-29.093540955],"radiusM":10000,"fillColor":"#F4B7B4","strokeColor":"#D64541"},"geometry":{"type":"Polygon","coordinates":[[[-56.824249345,-29.003608918627542],[-56.83432826511138,-29.00404158932993],[-56.844310371178274,-29.005335445389413],[-56.85409977191446,-29.00747805827544],[-56.86360241302883,-29.010448845446064],[-56.87272697448759,-29.014219266583808],[-56.88138574248553,-29.01875309578123],[-56.88949544801422,-29.024006767156237],[-56.89697806418734,-29.02992979069236],[-56.903761554821145,-29.036465234440744],[-56.90978056717252,-29.04355026859373],[-56.91497706220422,-29.051116766351022],[-56.91930087627738,-29.059091955952805],[-56.92271020876018,-29.067399117756125],[-56.92517203068803,-29.075958319785457],[-56.92666241030969,-29.084687184801076],[-56.927166752101,-29.093501681603154],[-56.9266799466194,-29.102316933030448],[-56.9252064294008,-29.111048032922124],[-56.92276014796,-29.119610864194],[-56.91936443683823,-29.127922910137613],[-56.91505180153958,-29.13590405108386],[-56.909863613101074,-29.143477338684168],[-56.90384971594166,-29.150569740249857],[-56.8970679525213,-29.15711284585579],[-56.889583609203356,-29.163043531253642],[-56.88146878854087,-29.16830457005328],[-56.8728017139886,-29.172845189111555],[-56.86366597376897,-29.176621561614816],[-56.85414971127992,-29.179597232946783],[-56.84434477001783,-29.1817434750932],[-56.834345801489704,-29.183039566040662],[-56.824249345,-29.18347299137245],[-56.81415288851029,-29.183039566040662],[-56.80415391998217,-29.1817434750932],[-56.794348978720066,-29.179597232946783],[-56.78483271623104,-29.176621561614816],[-56.775696976011396,-29.172845189111555],[-56.767029901459125,-29.16830457005328],[-56.75891508079664,-29.163043531253642],[-56.75143073747871,-29.15711284585579],[-56.744648974058336,-29.150569740249857],[-56.738635076898916,-29.143477338684168],[-56.73344688846041,-29.13590405108386],[-56.729134253161774,-29.127922910137613],[-56.725738542040006,-29.119610864194],[-56.723292260599194,-29.111048032922124],[-56.7218187433806,-29.102316933030448],[-56.721331937898995,-29.093501681603154],[-56.72183627969031,-29.084687184801076],[-56.72332665931197,-29.075958319785457],[-56.725788481239825,-29.067399117756125],[-56.72919781372261,-29.059091955952805],[-56.733521627795774,-29.051116766351022],[-56.738718122827486,-29.04355026859373],[-56.744737135178845,-29.036465234440744],[-56.75152062581267,-29.02992979069236],[-56.75900324198577,-29.024006767156237],[-56.76711294751448,-29.01875309578123],[-56.775771715512406,-29.014219266583808],[-56.78489627697117,-29.010448845446064],[-56.79439891808554,-29.00747805827544],[-56.80418831882172,-29.005335445389413],[-56.814170424888616,-29.00404158932993],[-56.824249345,-29.003608918627542]]]}},{"type":"Feature","properties":{"name":"Zona 46","diameterKm":20,"establishments":2,"completeHistory":2,"observable":{"2023":23,"2024":14,"2025":14,"2026":9},"comparable":{"2023":23,"2026":9},"pctChange":-60.9,"trendLabel":"Disminuyó","upCount":0,"downCount":2,"flatCount":0,"monthlySalaryCost":5546132.36,"monthlySavings":1808037.9,"trend":"down","center":[-57.6890034,-30.1394953],"radiusM":10000,"fillColor":"#F4B7B4","strokeColor":"#D64541"},"geometry":{"type":"Polygon","coordinates":[[[-57.68900339999999,-30.04956326362755],[-57.69918707807651,-30.0499959179794],[-57.70927294687966,-30.051289725613948],[-57.71916412895746,-30.053432259856763],[-57.728765601911725,-30.05640294118046],[-57.737985104520895,-30.060173233325397],[-57.7467340173689,-30.064706915330056],[-57.754928209800475,-30.069960426957174],[-57.762488845294655,-30.075883284318024],[-57.769343137687116,-30.082418561839784],[-57.77542505107571,-30.089503436094866],[-57.780675936712456,-30.09706978642239],[-57.78504510071642,-30.105044846725804],[-57.78849029703306,-30.11335190233161],[-57.79097814071463,-30.12191102534881],[-57.792484437299045,-30.130639841579804],[-57.79299442481706,-30.13945432170704],[-57.79250292575379,-30.14826958921843],[-57.791014407127406,-30.157000737343427],[-57.78854294771385,-30.165563647151817],[-57.78511211233935,-30.173875798922833],[-57.78075473406955,-30.181857068924],[-57.775512606039015,-30.189430503847902],[-57.76943608557638,-30.196523065342006],[-57.76258361417883,-30.203066337329886],[-57.75502115776451,-30.208997189161362],[-57.74682157247041,-30.214258388040314],[-57.73806390205857,-30.218799154660527],[-57.7288326137301,-30.222575656525855],[-57.7192167798188,-30.225551434037392],[-57.709309213430636,-30.227697755090574],[-57.69920556660605,-30.228993894631945],[-57.68900339999999,-30.22942733637245],[-57.67880123339394,-30.228993894631945],[-57.668697586569344,-30.227697755090574],[-57.65879002018118,-30.225551434037392],[-57.64917418626989,-30.222575656525855],[-57.63994289794142,-30.218799154660527],[-57.63118522752957,-30.214258388040314],[-57.62298564223548,-30.208997189161362],[-57.61542318582116,-30.203066337329886],[-57.60857071442361,-30.196523065342006],[-57.602494193960965,-30.189430503847902],[-57.59725206593044,-30.181857068924],[-57.59289468766064,-30.173875798922833],[-57.58946385228613,-30.165563647151817],[-57.58699239287258,-30.157000737343427],[-57.5855038742462,-30.14826958921843],[-57.585012375182934,-30.13945432170704],[-57.58552236270094,-30.130639841579804],[-57.58702865928536,-30.12191102534881],[-57.58951650296692,-30.11335190233161],[-57.59296169928356,-30.105044846725804],[-57.59733086328754,-30.09706978642239],[-57.60258174892427,-30.089503436094866],[-57.608663662312864,-30.082418561839784],[-57.615517954705325,-30.075883284318024],[-57.62307859019951,-30.069960426957174],[-57.63127278263108,-30.064706915330056],[-57.64002169547909,-30.060173233325397],[-57.649241198088255,-30.05640294118046],[-57.65884267104253,-30.053432259856763],[-57.66873385312032,-30.051289725613948],[-57.67881972192347,-30.0499959179794],[-57.68900339999999,-30.04956326362755]]]}},{"type":"Feature","properties":{"name":"Zona 47","diameterKm":20,"establishments":2,"completeHistory":2,"observable":{"2023":14,"2024":14,"2025":11,"2026":14},"comparable":{"2023":14,"2026":14},"pctChange":0,"trendLabel":"Sin cambio","upCount":1,"downCount":1,"flatCount":0,"monthlySalaryCost":3675486.03,"monthlySavings":1587933.83,"trend":"flat","center":[-57.75880435000001,-30.0207453],"radiusM":10000,"fillColor":"#FFF0A8","strokeColor":"#D8A900"},"geometry":{"type":"Polygon","coordinates":[[[-57.75880435000002,-29.93081326362754],[-57.76897585413214,-29.931245919852874],[-57.77904966465293,-29.932539733036045],[-57.788929018718974,-29.93468227628996],[-57.79851900644142,-29.93765296974184],[-57.80772747597883,-29.941423276667116],[-57.816465913159824,-29.94595697553756],[-57.824650287463385,-29.95121050546914],[-57.83220185645711,-29.95713338187102],[-57.83904792113127,-29.96366867843981],[-57.845122524971416,-29.970753571016857],[-57.85036709008046,-29.978319938237846],[-57.8547309841919,-29.98629501335726],[-57.85817201300754,-29.99460208113217],[-57.86065683294125,-30.003161213203548],[-57.862161280052746,-30.011890035025154],[-57.86267061170698,-30.020704517063727],[-57.86217965829138,-30.029519782732745],[-57.860692883157334,-30.038250925331496],[-57.85822434981927,-30.046813826141236],[-57.85479759633511,-30.055125965786353],[-57.850445417698886,-30.063107220999935],[-57.845209557988774,-30.070680639042777],[-57.83914031492528,-30.077773182211327],[-57.83229606039032,-30.084316435134056],[-57.824742681331465,-30.09024726789435],[-57.81655294631402,-30.09550844843014],[-57.807805803776056,-30.10004919814148],[-57.79858561877817,-30.103825685183352],[-57.788981355709495,-30.10680145052788],[-57.779085715005856,-30.108947762539188],[-57.76899423244482,-30.110243896512216],[-57.75880435000002,-30.110677336372458],[-57.74861446755521,-30.110243896512216],[-57.73852298499418,-30.108947762539188],[-57.728627344290544,-30.10680145052788],[-57.71902308122186,-30.103825685183352],[-57.709802896223984,-30.10004919814148],[-57.70105575368601,-30.09550844843014],[-57.69286601866856,-30.09024726789435],[-57.68531263960971,-30.084316435134056],[-57.67846838507476,-30.077773182211327],[-57.67239914201127,-30.070680639042777],[-57.667163282301146,-30.063107220999935],[-57.66281110366492,-30.055125965786353],[-57.65938435018077,-30.046813826141236],[-57.6569158168427,-30.038250925331496],[-57.65542904170866,-30.029519782732745],[-57.654938088293044,-30.020704517063727],[-57.655447419947286,-30.011890035025154],[-57.65695186705878,-30.003161213203548],[-57.65943668699249,-29.99460208113217],[-57.66287771580813,-29.98629501335726],[-57.66724160991957,-29.978319938237846],[-57.672486175028624,-29.970753571016857],[-57.67856077886876,-29.96366867843981],[-57.68540684354293,-29.95713338187102],[-57.69295841253664,-29.95121050546914],[-57.70114278684021,-29.94595697553756],[-57.709881224021196,-29.941423276667116],[-57.719089693558615,-29.93765296974184],[-57.728679681281065,-29.93468227628996],[-57.73855903534711,-29.932539733036045],[-57.7486328458679,-29.931245919852874],[-57.75880435000002,-29.93081326362754]]]}},{"type":"Feature","properties":{"name":"Zona 48","diameterKm":20,"establishments":2,"completeHistory":2,"observable":{"2023":14,"2024":13,"2025":11,"2026":7},"comparable":{"2023":14,"2026":7},"pctChange":-50,"trendLabel":"Disminuyó","upCount":1,"downCount":1,"flatCount":0,"monthlySalaryCost":3603900.58,"monthlySavings":3603900.58,"trend":"down","center":[-57.92067115,-30.27175165],"radiusM":10000,"fillColor":"#F4B7B4","strokeColor":"#D64541"},"geometry":{"type":"Polygon","coordinates":[[[-57.920671150000004,-30.181819613627543],[-57.9308684726307,-30.182252265887538],[-57.94096785635223,-30.1835460673267],[-57.950872295257696,-30.185688591508026],[-57.96048664084698,-30.188659259289803],[-57.969718509303995,-30.192429534931517],[-57.97847916325352,-30.196963198104392],[-57.986684359809196,-30.202216689293312],[-57.99425515699547,-30.20813952539352],[-58.00111867096541,-30.214674781647904],[-58.00720877683969,-30.221759635445128],[-58.01246674646182,-30.229325966909816],[-58.01684181689488,-30.237301010669988],[-58.020291684077534,-30.245608052687942],[-58.022782916705985,-30.254167165595327],[-58.024291286111655,-30.2628959755838],[-58.02480200865774,-30.2717104535767],[-58.024309897974916,-30.280525723145036],[-58.02281942519335,-30.289256877440327],[-58.02034468619627,-30.297819797296224],[-58.016909275813646,-30.306131962606596],[-58.01254606978345,-30.31411324911912],[-58.00729691622382,-30.32168670289196],[-58.00121223927288,-30.3287792848479],[-57.994350558453014,-30.3353225781235],[-57.986777928192275,-30.341253451249475],[-57.978567302777364,-30.346514670610038],[-57.96979783280818,-30.351055456110416],[-57.960554099963346,-30.354831974527322],[-57.95092529755895,-30.357807765624365],[-57.94100436497931,-30.35995409677356],[-57.930887084569584,-30.36125024253246],[-57.920671150000004,-30.361683686372448],[-57.91045521543042,-30.36125024253246],[-57.900337935020694,-30.35995409677356],[-57.89041700244105,-30.357807765624365],[-57.88078820003666,-30.354831974527322],[-57.87154446719182,-30.351055456110416],[-57.86277499722264,-30.346514670610038],[-57.85456437180773,-30.341253451249475],[-57.84699174154699,-30.3353225781235],[-57.84013006072713,-30.3287792848479],[-57.83404538377618,-30.32168670289196],[-57.828796230216554,-30.31411324911912],[-57.82443302418636,-30.306131962606596],[-57.82099761380373,-30.297819797296224],[-57.81852287480666,-30.289256877440327],[-57.817032402025085,-30.280525723145036],[-57.816540291342264,-30.2717104535767],[-57.817051013888346,-30.2628959755838],[-57.818559383294016,-30.254167165595327],[-57.821050615922466,-30.245608052687942],[-57.82450048310512,-30.237301010669988],[-57.82887555353818,-30.229325966909816],[-57.83413352316031,-30.221759635445128],[-57.84022362903459,-30.214674781647904],[-57.847087143004536,-30.20813952539352],[-57.854657940190805,-30.202216689293312],[-57.86286313674648,-30.196963198104392],[-57.871623790696006,-30.192429534931517],[-57.88085565915302,-30.188659259289803],[-57.890470004742305,-30.185688591508026],[-57.90037444364778,-30.1835460673267],[-57.91047382736931,-30.182252265887538],[-57.920671150000004,-30.181819613627543]]]}},{"type":"Feature","properties":{"name":"Zona 49","diameterKm":20,"establishments":2,"completeHistory":2,"observable":{"2023":14,"2024":10,"2025":10,"2026":13},"comparable":{"2023":14,"2026":13},"pctChange":-7.1,"trendLabel":"Disminuyó","upCount":0,"downCount":1,"flatCount":1,"monthlySalaryCost":6929160.1,"monthlySavings":3044416.29,"trend":"down","center":[-58.276589,-28.27243695],"radiusM":10000,"fillColor":"#F4B7B4","strokeColor":"#D64541"},"geometry":{"type":"Polygon","coordinates":[[[-58.276589,-28.18250491362754],[-58.28658949474669,-28.182937596934945],[-58.29649392041768,-28.18423149032631],[-58.30620712391512,-28.18637416384004],[-58.31563577562578,-28.189345032609953],[-58.32468926005396,-28.19311555319004],[-58.33328054131464,-28.19764949585966],[-58.34132699542589,-28.202903290384718],[-58.348751201610625,-28.208826442024545],[-58.35548168515762,-28.215362013914707],[-58.36145360479368,-28.22244717132905],[-58.36660937798722,-28.23001378273436],[-58.37089923813195,-28.237989072005185],[-58.3742817181475,-28.24629631566788],[-58.376724055677506,-28.254855578598615],[-58.37820251576236,-28.263584481212966],[-58.37870262760779,-28.272398990860665],[-58.37821933285728,-28.281214229880607],[-58.376757043599454,-28.28994529258253],[-58.3743296091959,-28.29850806330587],[-58.37096019188946,-28.306820027664664],[-58.36668105204467,-28.31480106912249],[-58.361533244766065,-28.32237424315352],[-58.35556623053218,-28.32946652143524],[-58.34883740335969,-28.33600949878414],[-58.341411540864584,-28.341940055886656],[-58.33336018140555,-28.34720097129036],[-58.324760934266266,-28.351741476602566],[-58.3156967295509,-28.355517749389545],[-58.30625501511836,-28.358493338875434],[-58.29652690845815,-28.36063952019863],[-58.286606311905736,-28.361935573688847],[-58.276589,-28.36236898637245],[-58.26657168809425,-28.361935573688847],[-58.256651091541855,-28.36063952019863],[-58.24692298488164,-28.358493338875434],[-58.237481270449095,-28.355517749389545],[-58.22841706573373,-28.351741476602566],[-58.21981781859445,-28.34720097129036],[-58.21176645913541,-28.341940055886656],[-58.204340596640314,-28.33600949878414],[-58.19761176946781,-28.32946652143524],[-58.19164475523394,-28.32237424315352],[-58.186496947955334,-28.31480106912249],[-58.18221780811054,-28.306820027664664],[-58.178848390804106,-28.29850806330587],[-58.17642095640054,-28.28994529258253],[-58.17495866714272,-28.281214229880607],[-58.17447537239221,-28.272398990860665],[-58.17497548423764,-28.263584481212966],[-58.17645394432249,-28.254855578598615],[-58.178896281852495,-28.24629631566788],[-58.18227876186805,-28.237989072005185],[-58.186568622012786,-28.23001378273436],[-58.19172439520632,-28.22244717132905],[-58.19769631484237,-28.215362013914707],[-58.20442679838938,-28.208826442024545],[-58.211851004574115,-28.202903290384718],[-58.21989745868535,-28.19764949585966],[-58.228488739946044,-28.19311555319004],[-58.23754222437422,-28.189345032609953],[-58.24697087608487,-28.18637416384004],[-58.25668407958232,-28.18423149032631],[-58.2665885052533,-28.182937596934945],[-58.276589,-28.18250491362754]]]}},{"type":"Feature","properties":{"name":"Zona 50","diameterKm":20,"establishments":2,"completeHistory":2,"observable":{"2023":12,"2024":12,"2025":10,"2026":11},"comparable":{"2023":12,"2026":11},"pctChange":-8.3,"trendLabel":"Disminuyó","upCount":0,"downCount":1,"flatCount":1,"monthlySalaryCost":6685230.39,"monthlySavings":2731646.74,"trend":"down","center":[-57.99656995,-27.5791027],"radiusM":10000,"fillColor":"#F4B7B4","strokeColor":"#D64541"},"geometry":{"type":"Polygon","coordinates":[[[-57.99656995,-27.489170663627544],[-58.00650674524102,-27.489603357428553],[-58.016348076421,-27.49089728189846],[-58.02599938995304,-27.49304000588422],[-58.03536794476797,-27.496010942584633],[-58.044363697565935,-27.499781545949013],[-58.052900163050516,-27.50431558308207],[-58.06089524112563,-27.509569480126533],[-58.0682720033067,-27.51549273840871],[-58.074959430936616,-27.52202841697196],[-58.080893098199915,-27.529113676995472],[-58.086015793395745,-27.53668038300602],[-58.090278072458204,-27.544655755243962],[-58.093638739299344,-27.552963067046925],[-58.09606524819289,-27.56152238067044],[-58.09753402411019,-27.570251314578535],[-58.09803069766186,-27.579065834913884],[-58.09755025208151,-27.587881063599635],[-58.09609708050716,-27.59661209533765],[-58.093684952664944,-27.605174815652795],[-58.09033689092972,-27.613486712092758],[-58.08608495662133,-27.621467670729118],[-58.08096994828391,-27.62904075021843],[-58.075041014579774,-27.636132925872733],[-58.06835518529882,-27.64267579645562],[-58.06097682482941,-27.648606246761208],[-58.05297701324652,-27.653867059447215],[-58.044432860937846,-27.658407470075094],[-58.03542676339786,-27.662183659856858],[-58.02604560346494,-27.665159181213223],[-58.016379908847256,-27.667305311906695],[-58.00652297327295,-27.668601334217268],[-57.99656995,-27.669034736372453],[-57.98661692672705,-27.668601334217268],[-57.97675999115276,-27.667305311906695],[-57.96709429653508,-27.665159181213223],[-57.95771313660215,-27.662183659856858],[-57.948707039062185,-27.658407470075094],[-57.94016288675349,-27.653867059447215],[-57.9321630751706,-27.648606246761208],[-57.92478471470119,-27.64267579645562],[-57.918098885420235,-27.636132925872733],[-57.91216995171611,-27.62904075021843],[-57.90705494337869,-27.621467670729118],[-57.9028030090703,-27.613486712092758],[-57.89945494733507,-27.605174815652795],[-57.89704281949286,-27.59661209533765],[-57.895589647918506,-27.587881063599635],[-57.89510920233814,-27.579065834913884],[-57.89560587588983,-27.570251314578535],[-57.897074651807124,-27.56152238067044],[-57.899501160700666,-27.552963067046925],[-57.902861827541805,-27.544655755243962],[-57.907124106604265,-27.53668038300602],[-57.9122468018001,-27.529113676995472],[-57.918180469063394,-27.52202841697196],[-57.924867896693314,-27.51549273840871],[-57.93224465887438,-27.509569480126533],[-57.94023973694949,-27.50431558308207],[-57.94877620243408,-27.499781545949013],[-57.95777195523204,-27.496010942584633],[-57.967140510046974,-27.49304000588422],[-57.97679182357901,-27.49089728189846],[-57.986633154759,-27.489603357428553],[-57.99656995,-27.489170663627544]]]}},{"type":"Feature","properties":{"name":"Zona 51","diameterKm":20,"establishments":2,"completeHistory":2,"observable":{"2023":13,"2024":10,"2025":13,"2026":11},"comparable":{"2023":13,"2026":11},"pctChange":-15.4,"trendLabel":"Disminuyó","upCount":1,"downCount":1,"flatCount":0,"monthlySalaryCost":5499431.54,"monthlySavings":3212226.27,"trend":"down","center":[-55.82956923,-28.0129382],"radiusM":10000,"fillColor":"#F4B7B4","strokeColor":"#D64541"},"geometry":{"type":"Polygon","coordinates":[[[-55.82956923,-27.923006163627544],[-55.83954561695483,-27.92343885087819],[-55.849426163816766,-27.92473275594812],[-55.859115944387455,-27.926875448428028],[-55.8685218518018,-27.929846342724613],[-55.87755348712397,-27.93361689441312],[-55.88612402284986,-27.938150872579957],[-55.894151033270795,-27.94340470562956],[-55.901557283924284,-27.949327897343323],[-55.908271472696875,-27.955863509319087],[-55.91422891554703,-27.96294870529201],[-55.91937217028331,-27.970515352248313],[-55.92365159236182,-27.978490672696882],[-55.92702581725411,-27.986797941965804],[-55.92946216458043,-27.995357223946428],[-55.93093695989846,-28.004086138320943],[-55.93143577078084,-28.01290065198547],[-55.93095355460023,-28.02171588712262],[-55.92949471626246,-28.030446938189453],[-55.92707307498013,-28.039009689970825],[-55.923711740052525,-28.047321628807367],[-55.91944289650603,-28.055302639142674],[-55.9143075023413,-28.062875777646802],[-55.90835490002289,-28.069968017363024],[-55.90164234572026,-28.076510954591086],[-55.89423446065961,-28.08244147156104],[-55.88620260976019,-28.087702348365006],[-55.877624213498294,-28.09224281809623],[-55.868581999656605,-28.09601905969102],[-55.859163202265066,-28.098994623574765],[-55.84945871561483,-28.10114078587198],[-55.83956221171939,-28.102436827645295],[-55.82956923,-28.10287023637245],[-55.819576248280605,-28.102436827645295],[-55.80967974438517,-28.10114078587198],[-55.799975257734935,-28.098994623574765],[-55.79055646034339,-28.09601905969102],[-55.78151424650171,-28.09224281809623],[-55.77293585023981,-28.087702348365006],[-55.76490399934038,-28.08244147156104],[-55.757496114279746,-28.076510954591086],[-55.75078355997711,-28.069968017363024],[-55.74483095765869,-28.062875777646802],[-55.739695563493974,-28.055302639142674],[-55.735426719947476,-28.047321628807367],[-55.73206538501987,-28.039009689970825],[-55.72964374373754,-28.030446938189453],[-55.72818490539978,-28.02171588712262],[-55.727702689219164,-28.01290065198547],[-55.72820150010155,-28.004086138320943],[-55.729676295419566,-27.995357223946428],[-55.73211264274589,-27.986797941965804],[-55.73548686763819,-27.978490672696882],[-55.7397662897167,-27.970515352248313],[-55.74490954445298,-27.96294870529201],[-55.75086698730312,-27.955863509319087],[-55.75758117607572,-27.949327897343323],[-55.764987426729206,-27.94340470562956],[-55.77301443715013,-27.938150872579957],[-55.78158497287603,-27.93361689441312],[-55.79061660819819,-27.929846342724613],[-55.800022515612554,-27.926875448428028],[-55.809712296183235,-27.92473275594812],[-55.81959284304518,-27.92343885087819],[-55.82956923,-27.923006163627544]]]}},{"type":"Feature","properties":{"name":"Zona 52","diameterKm":20,"establishments":2,"completeHistory":2,"observable":{"2023":4,"2024":5,"2025":3,"2026":6},"comparable":{"2023":4,"2026":6},"pctChange":50,"trendLabel":"Aumentó","upCount":1,"downCount":1,"flatCount":0,"monthlySalaryCost":4494063.6,"monthlySavings":2526788.95,"trend":"up","center":[-58.84472144999999,-28.1451975],"radiusM":10000,"fillColor":"#B7E1B0","strokeColor":"#3A8D3A"},"geometry":{"type":"Polygon","coordinates":[[[-58.84472144999999,-28.055265463627542],[-58.854710083882146,-28.055698148870803],[-58.86460276134773,-28.056992047995543],[-58.87430444093303,-28.059134730820357],[-58.88372190261632,-28.06210561212211],[-58.89276463744873,-28.0658761479743],[-58.901345712067844,-28.07041010807063],[-58.90938260004115,-28.075663921508614],[-58.91679797225722,-28.081587092822026],[-58.92352043892156,-28.08812268439153],[-58.9294852361174,-28.095207860735552],[-58.93463485035884,-28.102774489594044],[-58.93891957509245,-28.1107497941711],[-58.9422979936915,-28.1190570504048],[-58.94473738413013,-28.12761632268783],[-58.94621404122132,-28.13634523107572],[-58.94671351304546,-28.14515974269551],[-58.94623074898306,-28.153974979809348],[-58.94477015758733,-28.162706036799307],[-58.94234557338524,-28.171268798223476],[-58.93898013257052,-28.179580750052605],[-58.93470605844074,-28.187561776231384],[-58.92956435832521,-28.195134932821095],[-58.923604434639856,-28.202227192169723],[-58.91688361358128,-28.208770149821955],[-58.90946659582293,-28.214700687222017],[-58.901424834392934,-28.219961583675776],[-58.89283584568387,-28.224502071520035],[-58.883782460260264,-28.228278328993675],[-58.87435202078003,-28.231253905910567],[-58.864635534922236,-28.233400077893233],[-58.85472679170738,-28.23469612563121],[-58.84472144999999,-28.23512953637245],[-58.83471610829259,-28.23469612563121],[-58.82480736507773,-28.233400077893233],[-58.81509087921995,-28.231253905910567],[-58.805660439739704,-28.228278328993675],[-58.7966070543161,-28.224502071520035],[-58.788018065607034,-28.219961583675776],[-58.77997630417704,-28.214700687222017],[-58.77255928641869,-28.208770149821955],[-58.76583846536011,-28.202227192169723],[-58.75987854167476,-28.195134932821095],[-58.75473684155923,-28.187561776231384],[-58.750462767429454,-28.179580750052605],[-58.74709732661473,-28.171268798223476],[-58.74467274241264,-28.162706036799307],[-58.743212151016905,-28.153974979809348],[-58.74272938695451,-28.14515974269551],[-58.74322885877866,-28.13634523107572],[-58.74470551586984,-28.12761632268783],[-58.74714490630847,-28.1190570504048],[-58.75052332490752,-28.1107497941711],[-58.754808049641134,-28.102774489594044],[-58.75995766388257,-28.095207860735552],[-58.76592246107841,-28.08812268439153],[-58.77264492774276,-28.081587092822026],[-58.780060299958826,-28.075663921508614],[-58.78809718793214,-28.07041010807063],[-58.79667826255124,-28.0658761479743],[-58.805720997383645,-28.06210561212211],[-58.815138459066944,-28.059134730820357],[-58.824840138652235,-28.056992047995543],[-58.83473281611782,-28.055698148870803],[-58.84472144999999,-28.055265463627542]]]}},{"type":"Feature","properties":{"name":"Zona 53","diameterKm":20,"establishments":2,"completeHistory":2,"observable":{"2023":10,"2024":9,"2025":11,"2026":8},"comparable":{"2023":10,"2026":8},"pctChange":-20,"trendLabel":"Disminuyó","upCount":0,"downCount":1,"flatCount":1,"monthlySalaryCost":5657801.95,"monthlySavings":3729972.21,"trend":"down","center":[-58.6817251,-27.8331686],"radiusM":10000,"fillColor":"#F4B7B4","strokeColor":"#D64541"},"geometry":{"type":"Polygon","coordinates":[[[-58.6817251,-27.743236563627548],[-58.69168497370973,-27.743669253598807],[-58.7015491641685,-27.744963166726297],[-58.711222900593086,-27.7471058722918],[-58.720613228690596,-27.750076784200346],[-58.729629897859226,-27.75384735735186],[-58.73818622332762,-27.7583813600097],[-58.746199915197494,-27.76363521963892],[-58.75359386662658,-27.769558439001244],[-58.760296893727386,-27.776094078633523],[-58.76624442016023,-27.78317930120934],[-58.77137909986664,-27.790745972693397],[-58.77565137191701,-27.79872131465237],[-58.77901994203408,-27.80702860158763],[-58.78145218599663,-27.815587896711072],[-58.78292447082229,-27.82431681919893],[-58.78342239037166,-27.833131335634373],[-58.78294091279914,-27.84194656809223],[-58.78148443809787,-27.85067761113122],[-58.77906676483609,-27.859240349843535],[-58.775710966054255,-27.86755227107116],[-58.77144917517904,-27.875533259933817],[-58.76632228370135,-27.88310637392665],[-58.76037955325149,-27.890198587035254],[-58.75367814557804,-27.896741496582703],[-58.74628257478347,-27.902671985864036],[-58.73826408698307,-27.907932836036977],[-58.72969997332102,-27.91247328121995],[-58.72067282298952,-27.91624950129445],[-58.71126972354449,-27.919225047514647],[-58.701581416384094,-27.921371196685385],[-58.69170141574844,-27.922667230374937],[-58.6817251,-27.923100636372453],[-58.671748784251555,-27.922667230374937],[-58.661868783615915,-27.921371196685385],[-58.652180476455506,-27.919225047514647],[-58.642777377010475,-27.91624950129445],[-58.633750226678984,-27.91247328121995],[-58.62518611301693,-27.907932836036977],[-58.617167625216524,-27.902671985864036],[-58.60977205442195,-27.896741496582703],[-58.60307064674851,-27.890198587035247],[-58.597127916298646,-27.88310637392665],[-58.59200102482095,-27.875533259933817],[-58.587739233945754,-27.86755227107116],[-58.58438343516391,-27.859240349843535],[-58.58196576190213,-27.85067761113122],[-58.58050928720087,-27.84194656809223],[-58.58002780962834,-27.833131335634373],[-58.580525729177715,-27.82431681919893],[-58.58199801400338,-27.815587896711072],[-58.58443025796591,-27.80702860158763],[-58.587798828082995,-27.79872131465237],[-58.59207110013335,-27.790745972693397],[-58.59720577983977,-27.78317930120934],[-58.60315330627261,-27.776094078633523],[-58.60985633337342,-27.769558439001244],[-58.61725028480251,-27.76363521963892],[-58.62526397667238,-27.7583813600097],[-58.633820302140784,-27.75384735735186],[-58.642836971309414,-27.750076784200346],[-58.65222729940692,-27.7471058722918],[-58.66190103583151,-27.744963166726297],[-58.67176522629028,-27.743669253598807],[-58.6817251,-27.743236563627548]]]}},{"type":"Feature","properties":{"name":"Zona 54","diameterKm":20,"establishments":2,"completeHistory":2,"observable":{"2023":17,"2024":13,"2025":14,"2026":11},"comparable":{"2023":17,"2026":11},"pctChange":-35.3,"trendLabel":"Disminuyó","upCount":1,"downCount":1,"flatCount":0,"monthlySalaryCost":5839318.48,"monthlySavings":3792182.59,"trend":"down","center":[-58.863407205,-29.322600195],"radiusM":10000,"fillColor":"#F4B7B4","strokeColor":"#D64541"},"geometry":{"type":"Polygon","coordinates":[[[-58.86340720500001,-29.232668158627547],[-58.8735085945599,-29.233100825777985],[-58.883512956620464,-29.234394671317766],[-58.89332418838413,-29.236537267119584],[-58.9028480279207,-29.239508031296374],[-58.911992953329694,-29.243278424412225],[-58.92067105656815,-29.24781222163416],[-58.9287988838175,-29.25306585830638],[-58.93629823453477,-29.25898884574363],[-58.94309691167215,-29.265524253382168],[-58.94912941595228,-29.272609252800315],[-58.95433757755506,-29.28017571853149],[-58.95867111910154,-29.288150880046103],[-58.962088144410565,-29.296458018780704],[-58.9645555481504,-29.305017203647015],[-58.96604934220736,-29.313746058066098],[-58.96655489534206,-29.322560551246955],[-58.966067083496434,-29.331375806169277],[-58.96459034894475,-29.340106916539714],[-58.96213866734251,-29.34866976487302],[-58.95873542261276,-29.35698183380629],[-58.95441319050808,-29.364963002787704],[-58.949213432593325,-29.372536322391444],[-58.943186103296156,-29.37962875869848],[-58.93638917356164,-29.386171900447437],[-58.92888807551142,-29.392102621999364],[-58.920755073338384,-29.397363695572576],[-58.91206856645151,-29.40190434668521],[-58.902912331614615,-29.40568074728925],[-58.89337471148488,-29.408656441686105],[-58.883547757544015,-29.41080270097303],[-58.87352633591889,-29.412098802476287],[-58.86340720500001,-29.412532231372456],[-58.85328807408113,-29.412098802476287],[-58.84326665245601,-29.41080270097303],[-58.83343969851514,-29.408656441686105],[-58.823902078385395,-29.40568074728925],[-58.81474584354851,-29.40190434668521],[-58.80605933666163,-29.397363695572576],[-58.79792633448859,-29.392102621999364],[-58.790425236438374,-29.386171900447437],[-58.783628306703854,-29.37962875869848],[-58.777600977406685,-29.372536322391444],[-58.77240121949193,-29.364963002787704],[-58.76807898738725,-29.35698183380629],[-58.7646757426575,-29.34866976487302],[-58.762224061055264,-29.340106916539714],[-58.76074732650358,-29.331375806169277],[-58.76025951465796,-29.322560551246955],[-58.760765067792654,-29.313746058066098],[-58.76225886184962,-29.305017203647015],[-58.76472626558946,-29.296458018780704],[-58.76814329089848,-29.288150880046103],[-58.77247683244495,-29.28017571853149],[-58.77768499404773,-29.272609252800315],[-58.78371749832787,-29.265524253382168],[-58.79051617546524,-29.25898884574363],[-58.79801552618251,-29.25306585830638],[-58.80614335343186,-29.24781222163416],[-58.81482145667032,-29.243278424412225],[-58.82396638207933,-29.239508031296374],[-58.83349022161588,-29.236537267119584],[-58.843301453379546,-29.234394671317766],[-58.85330581544012,-29.233100825777985],[-58.86340720500001,-29.232668158627547]]]}},{"type":"Feature","properties":{"name":"Zona 55","diameterKm":20,"establishments":2,"completeHistory":2,"observable":{"2023":13,"2024":15,"2025":13,"2026":13},"comparable":{"2023":13,"2026":13},"pctChange":0,"trendLabel":"Sin cambio","upCount":1,"downCount":1,"flatCount":0,"monthlySalaryCost":6684037.06,"monthlySavings":2190644.73,"trend":"flat","center":[-59.3905687,-29.5081687],"radiusM":10000,"fillColor":"#FFF0A8","strokeColor":"#D8A900"},"geometry":{"type":"Polygon","coordinates":[[[-59.390568699999996,-29.418236663627543],[-59.40068848522192,-29.418669327888757],[-59.41071106818508,-29.419963164871632],[-59.420540172923694,-29.422105746776804],[-59.43008136751016,-29.425076492249953],[-59.43924296477306,-29.428846862572204],[-59.44793689764505,-29.433380633784573],[-59.45607956100247,-29.438634242228723],[-59.463592612129744,-29.444557200302224],[-59.470403722280786,-29.451092578568016],[-59.47644727221285,-29.458177549731808],[-59.48166498503712,-29.465743989411877],[-59.486006490259854,-29.473719128079345],[-59.489429813478715,-29.482026248048864],[-59.491901786845816,-29.49058541895389],[-59.49339837610968,-29.499314264753018],[-59.49390492079718,-29.508128754987826],[-59.49341628489097,-29.516944012752674],[-59.49193691618804,-29.525675131646462],[-59.48948081338837,-29.534237993857698],[-59.48607140084881,-29.54255008149119],[-59.48174131183838,-29.550531273277084],[-59.476532082039995,-29.55810461891333],[-59.470493755947196,-29.565197083480065],[-59.46368440969616,-29.571740254628992],[-59.45616959473987,-29.577671005589934],[-59.44802170760337,-29.5829321074493],[-59.4393192917457,-29.5874727846362],[-59.430146278284624,-29.591249208098542],[-59.42059117300476,-29.594224921257336],[-59.41074619765847,-29.596371194487073],[-59.40070639407421,-29.597667304576873],[-59.390568699999996,-29.598100736372455],[-59.380431005925786,-29.597667304576873],[-59.37039120234153,-29.596371194487073],[-59.36054622699524,-29.594224921257336],[-59.350991121715374,-29.591249208098542],[-59.3418181082543,-29.5874727846362],[-59.33311569239663,-29.5829321074493],[-59.32496780526013,-29.577671005589934],[-59.31745299030384,-29.571740254628992],[-59.3106436440528,-29.565197083480065],[-59.304605317960004,-29.55810461891333],[-59.299396088161615,-29.550531273277084],[-59.29506599915119,-29.54255008149119],[-59.29165658661163,-29.534237993857698],[-59.28920048381196,-29.525675131646462],[-59.28772111510903,-29.516944012752674],[-59.28723247920282,-29.508128754987826],[-59.287739023890325,-29.499314264753018],[-59.28923561315418,-29.49058541895389],[-59.291707586521284,-29.482026248048864],[-59.295130909740145,-29.473719128079345],[-59.29947241496288,-29.465743989411877],[-59.304690127787154,-29.458177549731808],[-59.31073367771922,-29.451092578568016],[-59.31754478787026,-29.444557200302224],[-59.32505783899754,-29.438634242228723],[-59.33320050235495,-29.433380633784573],[-59.34189443522694,-29.428846862572204],[-59.351056032489836,-29.425076492249953],[-59.360597227076305,-29.422105746776804],[-59.37042633181492,-29.419963164871632],[-59.380448914778086,-29.418669327888757],[-59.390568699999996,-29.418236663627543]]]}},{"type":"Feature","properties":{"name":"Zona 56","diameterKm":20,"establishments":2,"completeHistory":2,"observable":{"2023":12,"2024":9,"2025":6,"2026":6},"comparable":{"2023":12,"2026":6},"pctChange":-50,"trendLabel":"Disminuyó","upCount":0,"downCount":2,"flatCount":0,"monthlySalaryCost":5159675.26,"monthlySavings":2526788.95,"trend":"down","center":[-57.057734975,-29.346965995],"radiusM":10000,"fillColor":"#F4B7B4","strokeColor":"#D64541"},"geometry":{"type":"Polygon","coordinates":[[[-57.057734975,-29.257033958627545],[-57.06783877011833,-29.257466625399218],[-57.077845514884686,-29.25876046981722],[-57.0876590838569,-29.260903063797233],[-57.097185192874804,-29.26387382552205],[-57.106332298426004,-29.267644215649753],[-57.115012471672415,-29.272178009461932],[-57.123142239009695,-29.277431642433566],[-57.130643381303365,-29.283354626021353],[-57.13744368428367,-29.289890029809246],[-57.143477632985565,-29.29697502552338],[-57.14868704358771,-29.304541487839373],[-57.1530216265345,-29.312516646358837],[-57.15643947541579,-29.32082378263343],[-57.158907476724465,-29.3293829656695],[-57.16040163631322,-29.33811181895856],[-57.16090731911951,-29.346926311753226],[-57.16041939952108,-29.355741567048216],[-57.158942320514065,-29.364472678536057],[-57.15649006076718,-29.373035528688703],[-57.15308600949065,-29.381347600073504],[-57.1487627499581,-29.38932877204449],[-57.14356175342651,-29.39690209506098],[-57.13753298610112,-29.403994535072737],[-57.13073443268257,-29.41053768067589],[-57.12323154089722,-29.416468406083204],[-57.1150965922428,-29.421729483364594],[-57.106408004965544,-29.42627013789543],[-57.09724957601402,-29.430046541496075],[-57.08770966937743,-29.43302223835252],[-57.07788035880373,-29.43516849946728],[-57.067856533396245,-29.43646460209619],[-57.057734975,-29.43689803137245],[-57.04761341660375,-29.43646460209619],[-57.037589591196266,-29.43516849946728],[-57.02776028062257,-29.43302223835252],[-57.01822037398599,-29.430046541496075],[-57.00906194503445,-29.42627013789543],[-57.0003733577572,-29.421729483364594],[-56.992238409102775,-29.416468406083204],[-56.98473551731743,-29.41053768067589],[-56.977936963898884,-29.403994535072737],[-56.971908196573494,-29.39690209506098],[-56.966707200041895,-29.38932877204449],[-56.96238394050936,-29.381347600073504],[-56.958979889232815,-29.373035528688703],[-56.95652762948593,-29.364472678536057],[-56.95505055047893,-29.355741567048216],[-56.9545626308805,-29.346926311753226],[-56.95506831368678,-29.33811181895856],[-56.95656247327553,-29.3293829656695],[-56.95903047458422,-29.32082378263343],[-56.962448323465495,-29.312516646358837],[-56.966782906412305,-29.304541487839373],[-56.97199231701443,-29.29697502552338],[-56.978026265716345,-29.289890029809246],[-56.98482656869665,-29.283354626021353],[-56.9923277109903,-29.277431642433566],[-57.00045747832758,-29.272178009461932],[-57.009137651573994,-29.267644215649753],[-57.01828475712521,-29.26387382552205],[-57.02781086614311,-29.260903063797233],[-57.03762443511531,-29.25876046981722],[-57.04763117988167,-29.257466625399218],[-57.057734975,-29.257033958627545]]]}},{"type":"Feature","properties":{"name":"Zona 57","diameterKm":20,"establishments":2,"completeHistory":2,"observable":{"2023":11,"2024":8,"2025":10,"2026":13},"comparable":{"2023":11,"2026":13},"pctChange":18.2,"trendLabel":"Aumentó","upCount":2,"downCount":0,"flatCount":0,"monthlySalaryCost":4844202.38,"monthlySavings":2207344.04,"trend":"up","center":[-58.5580525,-30.021687],"radiusM":10000,"fillColor":"#B7E1B0","strokeColor":"#3A8D3A"},"geometry":{"type":"Polygon","coordinates":[[[-58.5580525,-29.93175496362754],[-58.56822410038649,-29.93218761983803],[-58.57829800624715,-29.933481432977256],[-58.58817745383243,-29.935623976159796],[-58.5977675323639,-29.93859466951561],[-58.60697608913533,-29.942364976323812],[-58.615714609143176,-29.94689867506067],[-58.62389906107476,-29.952152204847266],[-58.63145070175369,-29.95807508109833],[-58.638296831481185,-29.96461037751625],[-58.644371493115116,-29.97169526994818],[-58.64961610819817,-29.979261637035354],[-58.653980043976695,-29.987236712037422],[-58.65742110574327,-29.995543779715955],[-58.65990594958476,-30.00410291171561],[-58.6614104113195,-30.01283173349294],[-58.6619197481596,-30.021646215516366],[-58.66142879042998,-30.03046148119998],[-58.65994200151102,-30.0391926238425],[-58.65747344503781,-30.047755524723517],[-58.65404665927993,-30.056067664464674],[-58.64969443953236,-30.064048919795386],[-58.64445853026121,-30.071622337971945],[-58.638389229658266,-30.078714881285652],[-58.63154491015584,-30.08525813435938],[-58.62399145932591,-30.091188967270725],[-58.615801646426156,-30.096450147951813],[-58.60705442064835,-30.10099089779707],[-58.59783414786069,-30.104767384956368],[-58.58822979330577,-30.10774315039725],[-58.578334058310276,-30.109889462480186],[-58.56824247957102,-30.11118559649732],[-58.5580525,-30.111619036372456],[-58.547862520428986,-30.11118559649732],[-58.537770941689736,-30.109889462480186],[-58.52787520669425,-30.10774315039725],[-58.51827085213933,-30.104767384956368],[-58.50905057935166,-30.10099089779707],[-58.500303353573855,-30.096450147951813],[-58.4921135406741,-30.091188967270725],[-58.48456008984418,-30.08525813435938],[-58.47771577034174,-30.078714881285652],[-58.47164646973881,-30.071622337971945],[-58.466410560467644,-30.064048919795386],[-58.46205834072009,-30.056067664464674],[-58.45863155496221,-30.047755524723517],[-58.45616299848899,-30.0391926238425],[-58.45467620957004,-30.03046148119998],[-58.454185251840414,-30.021646215516366],[-58.4546945886805,-30.01283173349294],[-58.45619905041526,-30.00410291171561],[-58.45868389425674,-29.995543779715955],[-58.462124956023324,-29.987236712037422],[-58.46648889180184,-29.979261637035354],[-58.471733506884895,-29.97169526994818],[-58.47780816851882,-29.96461037751625],[-58.48465429824632,-29.95807508109833],[-58.49220593892525,-29.952152204847266],[-58.50039039085683,-29.94689867506067],[-58.509128910864675,-29.942364976323812],[-58.5183374676361,-29.93859466951561],[-58.52792754616758,-29.935623976159796],[-58.53780699375286,-29.933481432977256],[-58.54788089961353,-29.93218761983803],[-58.5580525,-29.93175496362754]]]}},{"type":"Feature","properties":{"name":"Zona 58","diameterKm":20,"establishments":2,"completeHistory":1,"observable":{"2023":10,"2024":10,"2025":17,"2026":15},"comparable":{"2023":10,"2026":6},"pctChange":-40,"trendLabel":"Disminuyó","upCount":0,"downCount":1,"flatCount":0,"monthlySalaryCost":2526906.55,"monthlySavings":1286806.95,"trend":"down","center":[-59.2279149,-29.10620715],"radiusM":10000,"fillColor":"#F4B7B4","strokeColor":"#D64541"},"geometry":{"type":"Polygon","coordinates":[[[-59.2279149,-29.016275113627547],[-59.23799505577873,-29.016707784133928],[-59.247978385774566,-29.01800163961293],[-59.25776898706977,-29.02014425155624],[-59.26727279395463,-29.02311503745806],[-59.276398475294194,-29.026885457049534],[-59.28505830660154,-29.03141928448254],[-59.29316900870505,-29.036672953942638],[-59.300652545168425,-29.042595975486822],[-59.30743687096154,-29.049131417242656],[-59.31345662528274,-29.05621644947897],[-59.31865376190258,-29.06378294546906],[-59.322978110927096,-29.071758133520998],[-59.32638786646971,-29.08006529405139],[-59.328849995366,-29.088624495133683],[-59.330340562764945,-29.097353359564597],[-59.33084497117807,-29.106167856166874],[-59.330358110358816,-29.114983107787037],[-59.32888441621345,-29.123714208256942],[-59.326437837804114,-29.13227704047029],[-59.32304171238752,-29.14058908768248],[-59.318728549330785,-29.148570230175718],[-59.313539724649246,-29.156143519541978],[-59.30752508881149,-29.163235923024697],[-59.30074249134327,-29.169779030624994],[-59.2932572266237,-29.17570971801783],[-59.285141406094965,-29.180970758736265],[-59.27647326288821,-29.185511379563295],[-59.26733639559455,-29.189287753617148],[-59.257818958569985,-29.192263426221825],[-59.24801280674893,-29.19440966931405],[-59.23801260344129,-29.195705760843985],[-59.2279149,-29.196139186372445],[-59.21781719655873,-29.195705760843985],[-59.207816993251086,-29.19440966931405],[-59.19801084143003,-29.192263426221825],[-59.18849340440547,-29.189287753617148],[-59.1793565371118,-29.185511379563295],[-59.17068839390505,-29.180970758736265],[-59.162572573376316,-29.17570971801783],[-59.155087308656746,-29.169779030624994],[-59.14830471118853,-29.163235923024697],[-59.14229007535077,-29.156143519541978],[-59.13710125066923,-29.148570230175718],[-59.13278808761249,-29.14058908768248],[-59.1293919621959,-29.13227704047029],[-59.126945383786556,-29.123714208256942],[-59.1254716896412,-29.114983107787037],[-59.12498482882195,-29.106167856166874],[-59.125489237235065,-29.097353359564597],[-59.12697980463402,-29.088624495133683],[-59.1294419335303,-29.08006529405139],[-59.13285168907292,-29.071758133520998],[-59.13717603809744,-29.06378294546906],[-59.14237317471728,-29.05621644947897],[-59.14839292903848,-29.049131417242656],[-59.155177254831585,-29.042595975486822],[-59.16266079129496,-29.036672953942638],[-59.17077149339847,-29.03141928448254],[-59.179431324705824,-29.026885457049534],[-59.188557006045386,-29.02311503745806],[-59.19806081293025,-29.02014425155624],[-59.20785141422545,-29.01800163961293],[-59.21783474422127,-29.016707784133928],[-59.2279149,-29.016275113627547]]]}},{"type":"Feature","properties":{"name":"Zona 59","diameterKm":20,"establishments":2,"completeHistory":1,"observable":{"2023":28,"2024":14,"2025":15,"2026":16},"comparable":{"2023":14,"2026":7},"pctChange":-50,"trendLabel":"Disminuyó","upCount":0,"downCount":1,"flatCount":0,"monthlySalaryCost":3900000,"monthlySavings":2300000,"trend":"down","center":[-58.98736475,-28.4884303],"radiusM":10000,"fillColor":"#F4B7B4","strokeColor":"#D64541"},"geometry":{"type":"Polygon","coordinates":[[[-58.98736474999998,-28.39849826362755],[-58.99738555694366,-28.398930943638184],[-59.00731010187319,-28.400224827265625],[-59.01704304050802,-28.40236748492256],[-59.026490855550605,-28.405338332350723],[-59.0355627490359,-28.409108826922374],[-59.04417150950208,-28.413642739914213],[-59.05223434590809,-28.418896502230403],[-59.059673680495365,-28.424819620365877],[-59.06641789313003,-28.431355158741862],[-59.0724020100648,-28.438440283918588],[-59.077568330527775,-28.446006865600708],[-59.081866985074036,-28.453982128804547],[-59.08525642022453,-28.46228935105833],[-59.08770380456126,-28.47084859806159],[-59.08918535214446,-28.4795774908431],[-59.08968655986322,-28.488391997131895],[-59.08920235611797,-28.497207239397557],[-59.087737159058825,-28.505938311826696],[-59.085304843458395,-28.51450109838639],[-59.08192861617541,-28.522813084083193],[-59.07764080105774,-28.530794151561352],[-59.07248253503049,-28.53836735529524],[-59.066503378009045,-28.54545966582041],[-59.05976084015545,-28.55200267671326],[-59.052319830852376,-28.557933267369616],[-59.0442520345884,-28.56319421504569],[-59.035635219723474,-28.567734750106407],[-59.0265524868226,-28.571511048972567],[-59.017091463899504,-28.574486659863943],[-59.00734345649139,-28.57663285709442],[-58.99740256098245,-28.577928920380938],[-58.98736474999998,-28.578362336372454],[-58.97732693901753,-28.577928920380938],[-58.96738604350859,-28.57663285709442],[-58.95763803610047,-28.574486659863943],[-58.94817701317737,-28.571511048972567],[-58.9390942802765,-28.567734750106407],[-58.93047746541158,-28.56319421504569],[-58.92240966914759,-28.557933267369616],[-58.914968659844526,-28.55200267671326],[-58.908226121990936,-28.54545966582041],[-58.90224696496949,-28.53836735529524],[-58.897088698942234,-28.530794151561352],[-58.892800883824556,-28.522813084083193],[-58.889424656541586,-28.51450109838639],[-58.88699234094115,-28.505938311826696],[-58.88552714388201,-28.497207239397557],[-58.88504294013676,-28.488391997131895],[-58.88554414785552,-28.4795774908431],[-58.887025695438716,-28.47084859806159],[-58.889473079775435,-28.46228935105833],[-58.892862514925945,-28.453982128804547],[-58.8971611694722,-28.446006865600708],[-58.90232748993518,-28.438440283918588],[-58.90831160686995,-28.431355158741862],[-58.91505581950461,-28.424819620365877],[-58.922495154091884,-28.418896502230403],[-58.93055799049789,-28.413642739914213],[-58.939166750964084,-28.409108826922374],[-58.94823864444937,-28.405338332350723],[-58.95768645949196,-28.40236748492256],[-58.96741939812679,-28.400224827265625],[-58.97734394305632,-28.398930943638184],[-58.98736474999998,-28.39849826362755]]]}}]}